--
-- PostgreSQL database dump
--

-- Dumped from database version 17.5
-- Dumped by pg_dump version 17.5

SET statement_timeout = 0;
SET lock_timeout = 0;
SET idle_in_transaction_session_timeout = 0;
SET client_encoding = 'UTF8';
SET standard_conforming_strings = on;
SELECT pg_catalog.set_config('search_path', '', false);
SET check_function_bodies = false;
SET xmloption = content;
SET client_min_messages = warning;
SET row_security = off;

SET default_tablespace = '';

SET default_table_access_method = heap;

--
-- Name: apis; Type: TABLE; Schema: public; Owner: postgres
--

CREATE TABLE public.apis (
    id bigint NOT NULL,
    nombre character varying(100) NOT NULL,
    descripcion text,
    actualizado_en timestamp with time zone,
    creado_en timestamp with time zone,
    detalles_tecnicos text,
    documentacion text,
    estado character varying(50),
    permiso character varying(12) NOT NULL,
    creado_por bigint,
    id_categoria bigint,
    id_subcategoria bigint,
    id_tematica bigint
);


ALTER TABLE public.apis OWNER TO postgres;

--
-- Name: apis_api_id_seq; Type: SEQUENCE; Schema: public; Owner: postgres
--

ALTER TABLE public.apis ALTER COLUMN id ADD GENERATED BY DEFAULT AS IDENTITY (
    SEQUENCE NAME public.apis_api_id_seq
    START WITH 1
    INCREMENT BY 1
    NO MINVALUE
    NO MAXVALUE
    CACHE 1
);


--
-- Name: auditoria; Type: TABLE; Schema: public; Owner: postgres
--

CREATE TABLE public.auditoria (
    id bigint NOT NULL,
    accion character varying(100) NOT NULL,
    tabla_afectada character varying(100),
    registro_id integer,
    "timestamp" timestamp with time zone,
    detalles text,
    usuario_id bigint
);


ALTER TABLE public.auditoria OWNER TO postgres;

--
-- Name: auditoria_id_seq; Type: SEQUENCE; Schema: public; Owner: postgres
--

ALTER TABLE public.auditoria ALTER COLUMN id ADD GENERATED BY DEFAULT AS IDENTITY (
    SEQUENCE NAME public.auditoria_id_seq
    START WITH 1
    INCREMENT BY 1
    NO MINVALUE
    NO MAXVALUE
    CACHE 1
);


--
-- Name: auth_group; Type: TABLE; Schema: public; Owner: postgres
--

CREATE TABLE public.auth_group (
    id integer NOT NULL,
    name character varying(150) NOT NULL
);


ALTER TABLE public.auth_group OWNER TO postgres;

--
-- Name: auth_group_id_seq; Type: SEQUENCE; Schema: public; Owner: postgres
--

ALTER TABLE public.auth_group ALTER COLUMN id ADD GENERATED BY DEFAULT AS IDENTITY (
    SEQUENCE NAME public.auth_group_id_seq
    START WITH 1
    INCREMENT BY 1
    NO MINVALUE
    NO MAXVALUE
    CACHE 1
);


--
-- Name: auth_group_permissions; Type: TABLE; Schema: public; Owner: postgres
--

CREATE TABLE public.auth_group_permissions (
    id bigint NOT NULL,
    group_id integer NOT NULL,
    permission_id integer NOT NULL
);


ALTER TABLE public.auth_group_permissions OWNER TO postgres;

--
-- Name: auth_group_permissions_id_seq; Type: SEQUENCE; Schema: public; Owner: postgres
--

ALTER TABLE public.auth_group_permissions ALTER COLUMN id ADD GENERATED BY DEFAULT AS IDENTITY (
    SEQUENCE NAME public.auth_group_permissions_id_seq
    START WITH 1
    INCREMENT BY 1
    NO MINVALUE
    NO MAXVALUE
    CACHE 1
);


--
-- Name: auth_permission; Type: TABLE; Schema: public; Owner: postgres
--

CREATE TABLE public.auth_permission (
    id integer NOT NULL,
    name character varying(255) NOT NULL,
    content_type_id integer NOT NULL,
    codename character varying(100) NOT NULL
);


ALTER TABLE public.auth_permission OWNER TO postgres;

--
-- Name: auth_permission_id_seq; Type: SEQUENCE; Schema: public; Owner: postgres
--

ALTER TABLE public.auth_permission ALTER COLUMN id ADD GENERATED BY DEFAULT AS IDENTITY (
    SEQUENCE NAME public.auth_permission_id_seq
    START WITH 1
    INCREMENT BY 1
    NO MINVALUE
    NO MAXVALUE
    CACHE 1
);


--
-- Name: auth_user; Type: TABLE; Schema: public; Owner: postgres
--

CREATE TABLE public.auth_user (
    id integer NOT NULL,
    password character varying(128) NOT NULL,
    last_login timestamp with time zone,
    is_superuser boolean NOT NULL,
    username character varying(150) NOT NULL,
    first_name character varying(150) NOT NULL,
    last_name character varying(150) NOT NULL,
    email character varying(254) NOT NULL,
    is_staff boolean NOT NULL,
    is_active boolean NOT NULL,
    date_joined timestamp with time zone NOT NULL
);


ALTER TABLE public.auth_user OWNER TO postgres;

--
-- Name: auth_user_groups; Type: TABLE; Schema: public; Owner: postgres
--

CREATE TABLE public.auth_user_groups (
    id bigint NOT NULL,
    user_id integer NOT NULL,
    group_id integer NOT NULL
);


ALTER TABLE public.auth_user_groups OWNER TO postgres;

--
-- Name: auth_user_groups_id_seq; Type: SEQUENCE; Schema: public; Owner: postgres
--

ALTER TABLE public.auth_user_groups ALTER COLUMN id ADD GENERATED BY DEFAULT AS IDENTITY (
    SEQUENCE NAME public.auth_user_groups_id_seq
    START WITH 1
    INCREMENT BY 1
    NO MINVALUE
    NO MAXVALUE
    CACHE 1
);


--
-- Name: auth_user_id_seq; Type: SEQUENCE; Schema: public; Owner: postgres
--

ALTER TABLE public.auth_user ALTER COLUMN id ADD GENERATED BY DEFAULT AS IDENTITY (
    SEQUENCE NAME public.auth_user_id_seq
    START WITH 1
    INCREMENT BY 1
    NO MINVALUE
    NO MAXVALUE
    CACHE 1
);


--
-- Name: auth_user_user_permissions; Type: TABLE; Schema: public; Owner: postgres
--

CREATE TABLE public.auth_user_user_permissions (
    id bigint NOT NULL,
    user_id integer NOT NULL,
    permission_id integer NOT NULL
);


ALTER TABLE public.auth_user_user_permissions OWNER TO postgres;

--
-- Name: auth_user_user_permissions_id_seq; Type: SEQUENCE; Schema: public; Owner: postgres
--

ALTER TABLE public.auth_user_user_permissions ALTER COLUMN id ADD GENERATED BY DEFAULT AS IDENTITY (
    SEQUENCE NAME public.auth_user_user_permissions_id_seq
    START WITH 1
    INCREMENT BY 1
    NO MINVALUE
    NO MAXVALUE
    CACHE 1
);


--
-- Name: categoria; Type: TABLE; Schema: public; Owner: postgres
--

CREATE TABLE public.categoria (
    id bigint NOT NULL,
    nombre character varying(100) NOT NULL,
    descripcion text
);


ALTER TABLE public.categoria OWNER TO postgres;

--
-- Name: categoria_id_seq; Type: SEQUENCE; Schema: public; Owner: postgres
--

ALTER TABLE public.categoria ALTER COLUMN id ADD GENERATED BY DEFAULT AS IDENTITY (
    SEQUENCE NAME public.categoria_id_seq
    START WITH 1
    INCREMENT BY 1
    NO MINVALUE
    NO MAXVALUE
    CACHE 1
);


--
-- Name: django_admin_log; Type: TABLE; Schema: public; Owner: postgres
--

CREATE TABLE public.django_admin_log (
    id integer NOT NULL,
    action_time timestamp with time zone NOT NULL,
    object_id text,
    object_repr character varying(200) NOT NULL,
    action_flag smallint NOT NULL,
    change_message text NOT NULL,
    content_type_id integer,
    user_id integer NOT NULL,
    CONSTRAINT django_admin_log_action_flag_check CHECK ((action_flag >= 0))
);


ALTER TABLE public.django_admin_log OWNER TO postgres;

--
-- Name: django_admin_log_id_seq; Type: SEQUENCE; Schema: public; Owner: postgres
--

ALTER TABLE public.django_admin_log ALTER COLUMN id ADD GENERATED BY DEFAULT AS IDENTITY (
    SEQUENCE NAME public.django_admin_log_id_seq
    START WITH 1
    INCREMENT BY 1
    NO MINVALUE
    NO MAXVALUE
    CACHE 1
);


--
-- Name: django_content_type; Type: TABLE; Schema: public; Owner: postgres
--

CREATE TABLE public.django_content_type (
    id integer NOT NULL,
    app_label character varying(100) NOT NULL,
    model character varying(100) NOT NULL
);


ALTER TABLE public.django_content_type OWNER TO postgres;

--
-- Name: django_content_type_id_seq; Type: SEQUENCE; Schema: public; Owner: postgres
--

ALTER TABLE public.django_content_type ALTER COLUMN id ADD GENERATED BY DEFAULT AS IDENTITY (
    SEQUENCE NAME public.django_content_type_id_seq
    START WITH 1
    INCREMENT BY 1
    NO MINVALUE
    NO MAXVALUE
    CACHE 1
);


--
-- Name: django_migrations; Type: TABLE; Schema: public; Owner: postgres
--

CREATE TABLE public.django_migrations (
    id bigint NOT NULL,
    app character varying(255) NOT NULL,
    name character varying(255) NOT NULL,
    applied timestamp with time zone NOT NULL
);


ALTER TABLE public.django_migrations OWNER TO postgres;

--
-- Name: django_migrations_id_seq; Type: SEQUENCE; Schema: public; Owner: postgres
--

ALTER TABLE public.django_migrations ALTER COLUMN id ADD GENERATED BY DEFAULT AS IDENTITY (
    SEQUENCE NAME public.django_migrations_id_seq
    START WITH 1
    INCREMENT BY 1
    NO MINVALUE
    NO MAXVALUE
    CACHE 1
);


--
-- Name: django_session; Type: TABLE; Schema: public; Owner: postgres
--

CREATE TABLE public.django_session (
    session_key character varying(40) NOT NULL,
    session_data text NOT NULL,
    expire_date timestamp with time zone NOT NULL
);


ALTER TABLE public.django_session OWNER TO postgres;

--
-- Name: metodos_api; Type: TABLE; Schema: public; Owner: postgres
--

CREATE TABLE public.metodos_api (
    id bigint NOT NULL,
    metodo character varying(6) NOT NULL,
    endpoint character varying(200) NOT NULL,
    descripcion text,
    lenguaje_codigo character varying(50),
    codigo text,
    parametros jsonb,
    retorno jsonb,
    api_id bigint,
    CONSTRAINT chk_metodo_valid CHECK (((metodo)::text = ANY (ARRAY[('GET'::character varying)::text, ('POST'::character varying)::text, ('PUT'::character varying)::text, ('DELETE'::character varying)::text, ('PATCH'::character varying)::text])))
);


ALTER TABLE public.metodos_api OWNER TO postgres;

--
-- Name: metodos_api_id_seq; Type: SEQUENCE; Schema: public; Owner: postgres
--

ALTER TABLE public.metodos_api ALTER COLUMN id ADD GENERATED BY DEFAULT AS IDENTITY (
    SEQUENCE NAME public.metodos_api_id_seq
    START WITH 1
    INCREMENT BY 1
    NO MINVALUE
    NO MAXVALUE
    CACHE 1
);


--
-- Name: permiso_api; Type: TABLE; Schema: public; Owner: postgres
--

CREATE TABLE public.permiso_api (
    id integer NOT NULL,
    creado_en timestamp with time zone,
    api_id bigint,
    colaborador_id bigint
);


ALTER TABLE public.permiso_api OWNER TO postgres;

--
-- Name: permisos_api_id_seq; Type: SEQUENCE; Schema: public; Owner: postgres
--

ALTER TABLE public.permiso_api ALTER COLUMN id ADD GENERATED BY DEFAULT AS IDENTITY (
    SEQUENCE NAME public.permisos_api_id_seq
    START WITH 1
    INCREMENT BY 1
    NO MINVALUE
    NO MAXVALUE
    CACHE 1
);


--
-- Name: roles; Type: TABLE; Schema: public; Owner: postgres
--

CREATE TABLE public.roles (
    id bigint NOT NULL,
    nombre character varying(50) NOT NULL,
    descripcion text
);


ALTER TABLE public.roles OWNER TO postgres;

--
-- Name: roles_id_seq; Type: SEQUENCE; Schema: public; Owner: postgres
--

ALTER TABLE public.roles ALTER COLUMN id ADD GENERATED BY DEFAULT AS IDENTITY (
    SEQUENCE NAME public.roles_id_seq
    START WITH 1
    INCREMENT BY 1
    NO MINVALUE
    NO MAXVALUE
    CACHE 1
);


--
-- Name: sesiones; Type: TABLE; Schema: public; Owner: postgres
--

CREATE TABLE public.sesiones (
    id bigint NOT NULL,
    token_sesion text NOT NULL,
    creado_en timestamp with time zone,
    expira_en timestamp with time zone,
    activa boolean NOT NULL,
    usuario_id bigint
);


ALTER TABLE public.sesiones OWNER TO postgres;

--
-- Name: sesiones_id_seq; Type: SEQUENCE; Schema: public; Owner: postgres
--

ALTER TABLE public.sesiones ALTER COLUMN id ADD GENERATED BY DEFAULT AS IDENTITY (
    SEQUENCE NAME public.sesiones_id_seq
    START WITH 1
    INCREMENT BY 1
    NO MINVALUE
    NO MAXVALUE
    CACHE 1
);


--
-- Name: subcategoria; Type: TABLE; Schema: public; Owner: postgres
--

CREATE TABLE public.subcategoria (
    id bigint NOT NULL,
    nombre character varying(100) NOT NULL,
    descripcion text
);


ALTER TABLE public.subcategoria OWNER TO postgres;

--
-- Name: subcategoria_id_seq; Type: SEQUENCE; Schema: public; Owner: postgres
--

ALTER TABLE public.subcategoria ALTER COLUMN id ADD GENERATED BY DEFAULT AS IDENTITY (
    SEQUENCE NAME public.subcategoria_id_seq
    START WITH 1
    INCREMENT BY 1
    NO MINVALUE
    NO MAXVALUE
    CACHE 1
);


--
-- Name: tematica; Type: TABLE; Schema: public; Owner: postgres
--

CREATE TABLE public.tematica (
    id bigint NOT NULL,
    nombre character varying(100) NOT NULL,
    descripcion text
);


ALTER TABLE public.tematica OWNER TO postgres;

--
-- Name: tematica_id_seq; Type: SEQUENCE; Schema: public; Owner: postgres
--

ALTER TABLE public.tematica ALTER COLUMN id ADD GENERATED BY DEFAULT AS IDENTITY (
    SEQUENCE NAME public.tematica_id_seq
    START WITH 1
    INCREMENT BY 1
    NO MINVALUE
    NO MAXVALUE
    CACHE 1
);


--
-- Name: usuarios; Type: TABLE; Schema: public; Owner: postgres
--

CREATE TABLE public.usuarios (
    id bigint NOT NULL,
    correo character varying(100) NOT NULL,
    contrasena_hash text NOT NULL,
    nombres character varying(100),
    apellidos character varying(100),
    estado character varying(50),
    creado_en timestamp with time zone,
    actualizado_en timestamp with time zone,
    rol_id bigint,
    biografia text,
    username character varying(160) NOT NULL,
    origen character varying(20) NOT NULL
);


ALTER TABLE public.usuarios OWNER TO postgres;

--
-- Name: usuarios_id_seq; Type: SEQUENCE; Schema: public; Owner: postgres
--

ALTER TABLE public.usuarios ALTER COLUMN id ADD GENERATED BY DEFAULT AS IDENTITY (
    SEQUENCE NAME public.usuarios_id_seq
    START WITH 1
    INCREMENT BY 1
    NO MINVALUE
    NO MAXVALUE
    CACHE 1
);


--
-- Name: versiones_api; Type: TABLE; Schema: public; Owner: postgres
--

CREATE TABLE public.versiones_api (
    id bigint NOT NULL,
    numero_version character varying(20) NOT NULL,
    descripcion_cambios text,
    creado_en timestamp with time zone,
    api_id bigint
);


ALTER TABLE public.versiones_api OWNER TO postgres;

--
-- Name: versiones_api_id_seq; Type: SEQUENCE; Schema: public; Owner: postgres
--

ALTER TABLE public.versiones_api ALTER COLUMN id ADD GENERATED BY DEFAULT AS IDENTITY (
    SEQUENCE NAME public.versiones_api_id_seq
    START WITH 1
    INCREMENT BY 1
    NO MINVALUE
    NO MAXVALUE
    CACHE 1
);


--
-- Data for Name: apis; Type: TABLE DATA; Schema: public; Owner: postgres
--

COPY public.apis (id, nombre, descripcion, actualizado_en, creado_en, detalles_tecnicos, documentacion, estado, permiso, creado_por, id_categoria, id_subcategoria, id_tematica) FROM stdin;
4	Lematizador	12341234	2025-05-15 09:34:22.458-05	2025-05-15 09:34:22.458-05	npm start	1.0	\N	publico	9	\N	\N	\N
28	ejemplo_requerimientos	API unicamente usada para prueba	2025-05-26 14:27:17.823488-05	2025-05-26 14:27:17.823476-05		1.0	activo	privado	14	1	1	1
29	segundaPruebaRequerimientos	Esta es la segunda prueba de requerimientos	2025-05-26 14:34:30.228191-05	2025-05-26 14:34:30.228179-05	numpy,pandas	1.0	activo	privado	14	1	1	1
30	api_regresion_lineal2	Es la misma api de regresion lineal solo que esta instala las dependencias que indique el usuario	2025-05-26 14:50:19.009067-05	2025-05-26 14:50:19.009056-05	numpy,scikit-learn	1.0	activo	privado	14	1	1	1
38	prueba	API de prueba	2025-07-03 18:01:44.64456-05	2025-07-03 17:39:36.728306-05		1.0	activo	publico	23	1	1	1
7	clustering analisis datos	api de un cluster analizando datos	2025-05-19 18:41:26.656411-05	2025-05-15 19:21:12.346-05	codigo ejemplo clustering para analizar datos	1.0	\N	publico	8	\N	\N	\N
8	PRIVADA	Esta api es privada	2025-05-19 20:02:49.191108-05	2025-05-19 20:02:49.191089-05		1.0	\N	privado	9	\N	\N	\N
27	regresionejemplo	API de ejemplo	2025-05-29 10:16:17.559608-05	2025-05-25 19:33:42.834462-05		1.0	activo	publico	8	1	1	1
5	ciencia de datos	api de ciencia de datos	2025-05-20 07:52:35.622749-05	2025-05-15 14:57:57.626774-05	codigo de ejemplo	1.0	\N	publico	8	\N	\N	\N
11	apiCuadrado	Convierte al cuadrado un numero	2025-05-20 14:36:30.583439-05	2025-05-20 14:36:30.583422-05	\N	1.0	\N	privado	14	\N	\N	\N
12	apinueva	Hola	2025-05-20 14:43:57.014145-05	2025-05-20 14:43:57.014127-05	\N	1.0	\N	privado	14	\N	\N	\N
13	appDeClima	Da el clima	2025-05-20 22:08:11.334971-05	2025-05-20 22:08:11.334953-05	\N	1.0	\N	privado	14	\N	\N	\N
14	nombreNuevo	Una nueva API si	2025-05-20 22:15:17.746521-05	2025-05-20 22:15:17.746506-05	\N	1.0	\N	privado	14	\N	\N	\N
15	otraAPI	esta es otraaaaaaa	2025-05-20 22:22:14.851012-05	2025-05-20 22:22:14.85099-05	\N	1.0	\N	privado	14	\N	\N	\N
16	otramas	otra api mas	2025-05-20 22:26:19.286791-05	2025-05-20 22:26:19.28677-05	\N	1.0	\N	privado	14	\N	\N	\N
17	metodoapi	holaaa	2025-05-20 22:31:09.362438-05	2025-05-20 22:31:09.362422-05	\N	1.0	\N	privado	14	\N	\N	\N
18	holadenuevo	hola esto es una api	2025-05-20 22:35:02.437394-05	2025-05-20 22:35:02.437377-05	\N	1.0	\N	privado	14	\N	\N	\N
19	laultima	es el ultimo	2025-05-20 22:42:36.282113-05	2025-05-20 22:42:36.282096-05	\N	1.0	\N	privado	14	\N	\N	\N
6	clustering	api de clustering	2025-05-21 12:04:49.661838-05	2025-05-15 14:58:20.135-05	codigo de ejemplo de clustering	1.0	\N	publico	8	\N	\N	\N
22	api_cuadrado_Final	Esto es una prueba real. La API va a recibir un número como body y va a sacar su cuadrado respectivo.	2025-05-21 19:22:26.412061-05	2025-05-21 19:22:26.412047-05		1.0	activo	privado	14	\N	\N	\N
23	clima_ciudad	Esta es una segunda prueba seria. La API se encarga de darnos el clima de ciertas ciudades	2025-05-21 22:35:25.09627-05	2025-05-21 22:35:25.096253-05		1.0	activo	privado	14	\N	\N	\N
31	api-ejemplo	Esta es una API de ejemplo	2025-07-08 12:26:57.528686-05	2025-05-28 13:05:20.293855-05	numpy, pandas	1.0	activo	publico	8	2	1	1
26	api_regresion_lineal	Hola esto es una api para regresión lineal. Entrena un modelo de regresión lineal con datos proporcionados por el usuario (X_train, y_train) y luego genera predicciones sobre nuevos datos (X_pred).	2025-07-08 12:28:07.164328-05	2025-05-23 09:25:54.223015-05		1.0	activo	publico	14	\N	\N	\N
\.


--
-- Data for Name: auditoria; Type: TABLE DATA; Schema: public; Owner: postgres
--

COPY public.auditoria (id, accion, tabla_afectada, registro_id, "timestamp", detalles, usuario_id) FROM stdin;
\.


--
-- Data for Name: auth_group; Type: TABLE DATA; Schema: public; Owner: postgres
--

COPY public.auth_group (id, name) FROM stdin;
\.


--
-- Data for Name: auth_group_permissions; Type: TABLE DATA; Schema: public; Owner: postgres
--

COPY public.auth_group_permissions (id, group_id, permission_id) FROM stdin;
\.


--
-- Data for Name: auth_permission; Type: TABLE DATA; Schema: public; Owner: postgres
--

COPY public.auth_permission (id, name, content_type_id, codename) FROM stdin;
1	Can add log entry	1	add_logentry
2	Can change log entry	1	change_logentry
3	Can delete log entry	1	delete_logentry
4	Can view log entry	1	view_logentry
5	Can add permission	2	add_permission
6	Can change permission	2	change_permission
7	Can delete permission	2	delete_permission
8	Can view permission	2	view_permission
9	Can add group	3	add_group
10	Can change group	3	change_group
11	Can delete group	3	delete_group
12	Can view group	3	view_group
13	Can add user	4	add_user
14	Can change user	4	change_user
15	Can delete user	4	delete_user
16	Can view user	4	view_user
17	Can add content type	5	add_contenttype
18	Can change content type	5	change_contenttype
19	Can delete content type	5	delete_contenttype
20	Can view content type	5	view_contenttype
21	Can add session	6	add_session
22	Can change session	6	change_session
23	Can delete session	6	delete_session
24	Can view session	6	view_session
25	Can add api	7	add_api
26	Can change api	7	change_api
27	Can delete api	7	delete_api
28	Can view api	7	view_api
29	Can add rol	8	add_rol
30	Can change rol	8	change_rol
31	Can delete rol	8	delete_rol
32	Can view rol	8	view_rol
33	Can add version api	9	add_versionapi
34	Can change version api	9	change_versionapi
35	Can delete version api	9	delete_versionapi
36	Can view version api	9	view_versionapi
37	Can add usuario	10	add_usuario
38	Can change usuario	10	change_usuario
39	Can delete usuario	10	delete_usuario
40	Can view usuario	10	view_usuario
41	Can add sesion	11	add_sesion
42	Can change sesion	11	change_sesion
43	Can delete sesion	11	delete_sesion
44	Can view sesion	11	view_sesion
45	Can add permiso api	12	add_permisoapi
46	Can change permiso api	12	change_permisoapi
47	Can delete permiso api	12	delete_permisoapi
48	Can view permiso api	12	view_permisoapi
49	Can add auditoria	13	add_auditoria
50	Can change auditoria	13	change_auditoria
51	Can delete auditoria	13	delete_auditoria
52	Can view auditoria	13	view_auditoria
53	Can add categoria	14	add_categoria
54	Can change categoria	14	change_categoria
55	Can delete categoria	14	delete_categoria
56	Can view categoria	14	view_categoria
57	Can add tematica	15	add_tematica
58	Can change tematica	15	change_tematica
59	Can delete tematica	15	delete_tematica
60	Can view tematica	15	view_tematica
61	Can add subcategoria	16	add_subcategoria
62	Can change subcategoria	16	change_subcategoria
63	Can delete subcategoria	16	delete_subcategoria
64	Can view subcategoria	16	view_subcategoria
65	Can add metodo api	17	add_metodoapi
66	Can change metodo api	17	change_metodoapi
67	Can delete metodo api	17	delete_metodoapi
68	Can view metodo api	17	view_metodoapi
\.


--
-- Data for Name: auth_user; Type: TABLE DATA; Schema: public; Owner: postgres
--

COPY public.auth_user (id, password, last_login, is_superuser, username, first_name, last_name, email, is_staff, is_active, date_joined) FROM stdin;
\.


--
-- Data for Name: auth_user_groups; Type: TABLE DATA; Schema: public; Owner: postgres
--

COPY public.auth_user_groups (id, user_id, group_id) FROM stdin;
\.


--
-- Data for Name: auth_user_user_permissions; Type: TABLE DATA; Schema: public; Owner: postgres
--

COPY public.auth_user_user_permissions (id, user_id, permission_id) FROM stdin;
\.


--
-- Data for Name: categoria; Type: TABLE DATA; Schema: public; Owner: postgres
--

COPY public.categoria (id, nombre, descripcion) FROM stdin;
1	Predicciones	Categoria de para predicciones.
2	Comercio	Esta es una categoria de comercio
\.


--
-- Data for Name: django_admin_log; Type: TABLE DATA; Schema: public; Owner: postgres
--

COPY public.django_admin_log (id, action_time, object_id, object_repr, action_flag, change_message, content_type_id, user_id) FROM stdin;
\.


--
-- Data for Name: django_content_type; Type: TABLE DATA; Schema: public; Owner: postgres
--

COPY public.django_content_type (id, app_label, model) FROM stdin;
1	admin	logentry
2	auth	permission
3	auth	group
4	auth	user
5	contenttypes	contenttype
6	sessions	session
7	apis	api
8	apis	rol
9	apis	versionapi
10	apis	usuario
11	apis	sesion
12	apis	permisoapi
13	apis	auditoria
14	apis	categoria
15	apis	tematica
16	apis	subcategoria
17	apis	metodoapi
\.


--
-- Data for Name: django_migrations; Type: TABLE DATA; Schema: public; Owner: postgres
--

COPY public.django_migrations (id, app, name, applied) FROM stdin;
1	contenttypes	0001_initial	2025-05-11 00:47:06.170837-05
2	auth	0001_initial	2025-05-11 00:47:08.797965-05
3	admin	0001_initial	2025-05-11 00:47:09.522202-05
4	admin	0002_logentry_remove_auto_add	2025-05-11 00:47:09.641769-05
5	admin	0003_logentry_add_action_flag_choices	2025-05-11 00:47:09.922356-05
6	apis	0001_initial	2025-05-11 00:47:10.361223-05
7	contenttypes	0002_remove_content_type_name	2025-05-11 00:47:10.841714-05
8	auth	0002_alter_permission_name_max_length	2025-05-11 00:47:11.207635-05
9	auth	0003_alter_user_email_max_length	2025-05-11 00:47:11.575675-05
10	auth	0004_alter_user_username_opts	2025-05-11 00:47:11.778089-05
11	auth	0005_alter_user_last_login_null	2025-05-11 00:47:12.228508-05
12	auth	0006_require_contenttypes_0002	2025-05-11 00:47:12.406146-05
13	auth	0007_alter_validators_add_error_messages	2025-05-11 00:47:12.689506-05
14	auth	0008_alter_user_username_max_length	2025-05-11 00:47:13.147282-05
15	auth	0009_alter_user_last_name_max_length	2025-05-11 00:47:13.538344-05
16	auth	0010_alter_group_name_max_length	2025-05-11 00:47:13.914486-05
17	auth	0011_update_proxy_permissions	2025-05-11 00:47:14.113177-05
18	auth	0012_alter_user_first_name_max_length	2025-05-11 00:47:14.578671-05
19	sessions	0001_initial	2025-05-11 00:47:15.198211-05
20	apis	0002_rol_versionapi_remove_api_version_and_more	2025-05-11 17:00:29.997147-05
21	apis	0003_api_unique_api_por_usuario	2025-05-16 19:03:58.590114-05
22	apis	0004_usuario_biografia_usuario_username	2025-05-17 12:46:11.879508-05
23	apis	0004_usuario_biografia	2025-05-17 13:56:29.900696-05
24	apis	0005_usuario_username	2025-05-17 13:56:46.560361-05
25	apis	0006_alter_usuario_username	2025-05-17 14:05:41.87203-05
26	apis	0007_categoria_subcategoria_tematica_api_id_categoria_and_more	2025-05-20 01:17:23.114452-05
27	apis	0008_usuario_origen	2025-05-28 18:52:02.937866-05
28	apis	0009_alter_permisoapi_options_and_more	2025-06-09 20:15:19.939158-05
29	apis	0010_alter_api_colaboradores_alter_permisoapi_colaborador	2025-06-10 20:45:31.185892-05
\.


--
-- Data for Name: django_session; Type: TABLE DATA; Schema: public; Owner: postgres
--

COPY public.django_session (session_key, session_data, expire_date) FROM stdin;
2wk3ttrp64jgqbq5v6n294uu8lt5gibe	eyJ1c3VhcmlvX2lkIjo3fQ:1uEcW6:OSm8p6RhB6Qq9JSBdeDdykMCuMf0xMrwTNvYjG_muhI	2025-05-26 18:25:02.017057-05
n15hb98831slg78ye7zbrg4aukf8t5hg	eyJ1c3VhcmlvX2lkIjo3fQ:1uEcvW:VB76ESFMTMvvAiNMb34McVVsvKwjtuJLpQ22uyU7tx4	2025-05-26 18:51:18.834484-05
mbr8zggbr8u4nczpytfl6nt1k2ikjbvu	eyJ1c3VhcmlvX2lkIjo3fQ:1uEd0C:UsjGs07eCstkstPV8Xi0YMXAA5yHolLYFUEazinhd_g	2025-05-26 18:56:08.571844-05
8iohm4l8k5kk5ohgwjkc5hml5fr6fmso	eyJ1c3VhcmlvX2lkIjo3fQ:1uEd3a:xQLGKRzKEfKFDzOqvZa3Tz3CCfBoSwAJ816y6O_zhtg	2025-05-26 18:59:38.954988-05
c5ynl4j9dgugrkhvym4tj5hjghf8nzuo	eyJ1c3VhcmlvX2lkIjo3fQ:1uEdCc:NTv00xGr9q9kCHRlr6yPPAq6HUPBwtdZHEvIlp8ZxVk	2025-05-26 19:08:58.390067-05
ikh90zv5707ia1g9tmgz34a6i8nqr1cv	eyJ1c3VhcmlvX2lkIjo3fQ:1uEdHv:thTpBYbBx3s-Zsk6QAU056KDIqaiOjjP0rk2NTI8S80	2025-05-26 19:14:27.034136-05
sfijv9jav3lol88fypsoc4m1wnztw9ov	eyJ1c3VhcmlvX2lkIjo3fQ:1uEdNc:5pEaPpjOdm2i_aeBxjf0ak5UWhaOi03gDF5hqjQ8W6w	2025-05-26 19:20:20.090684-05
8uj51jh8ggagh6nenc0xyz94qhxypvri	eyJ1c3VhcmlvX2lkIjo3fQ:1uEeCA:vnlykGGiJE6-Br3se_tPXeQOBqGSq9LcZ0k6SBA3hOc	2025-05-26 20:12:34.439892-05
b0gmra0q6f5skxmon5q3xqas6k8q8air	eyJ1c3VhcmlvX2lkIjo3fQ:1uEoGz:edGzYEPPn40bUYonwDSoQPuml7-F8emvW5bGu96uCaA	2025-05-27 06:58:13.00553-05
y9pd33rg184yrt9m6syx6bcwc2pd182j	eyJ1c3VhcmlvX2lkIjo2fQ:1uEyRz:E1jv6UWhlci9z5b_dOoi3zKMzjMbLv78pXEVtdSpPxw	2025-05-27 17:50:15.958097-05
j6t4moqh1mgdl2jren9rp5z63pmr1bip	eyJ1c3VhcmlvX2lkIjo2fQ:1uEyba:ojfKTf5VRNB_yiHn-JNGox_7gG564gnDt2RXo_ka_4U	2025-05-27 18:00:10.302173-05
rp06smjdo1chjeqzk8162by9amtexxs3	eyJ1c3VhcmlvX2lkIjo2fQ:1uEybn:8HxYPp6u4qB08rQ5s6TZczK1VqVsnjWQmeHpPtaJdvQ	2025-05-27 18:00:23.892325-05
hxxwori2md9z81zp7989r1dmwsyue4ft	eyJ1c3VhcmlvX2lkIjo3fQ:1uEyeM:iqMDt_xRtdiuhvnZwgikyAviKqLbRP85iAQPioniKmg	2025-05-27 18:03:02.276389-05
hgfgnmhaml015vvd2j9fqksauo0dtnz3	eyJ1c3VhcmlvX2lkIjo3fQ:1uEyh7:ZU_iMcjoaqt3lEKZ0Kl56FqIjq9qeg5aXN-OaerZgyk	2025-05-27 18:05:53.467371-05
xesxnk9s36etzjufl95bmpcznyebbon4	eyJ1c3VhcmlvX2lkIjo3fQ:1uEyid:oFJQSZipCCZXtm5agGTDtWXZ0Cmo_JUvWsCbu2JAaFs	2025-05-27 18:07:27.831742-05
p6lityyc17ezt7op2llxy9py7q7mrk2x	eyJ1c3VhcmlvX2lkIjo4fQ:1uEz6p:VuCdrTjRksnf18EwadUGZlpWggCTqQInkLmnbfAAWgs	2025-05-27 18:32:27.283114-05
7w7yqccy3i39wig4jcr2f1ykmpvbjbqy	eyJ1c3VhcmlvX2lkIjo4fQ:1uF0X3:gildPP1G9n4kT9r5GDfpJeWSY2LBk-GjvOm_Hlia_QM	2025-05-27 20:03:37.77522-05
4x8clkwphp2axc6p0fztt3vwxotgrjg8	eyJ1c3VhcmlvX2lkIjo4fQ:1uF13R:u36RXcjXNRTPFJoWvKw45GvGHrMt3jC5p4QnKxf2Op8	2025-05-27 20:37:05.119924-05
es9kkndz1eld74c9z6wh3f85kpxnczu2	eyJ1c3VhcmlvX2lkIjo4fQ:1uF2Dr:flwIg5JGyaNhvtoje8Kb8PZqf1EJ1RdSeh9VdZV4Tt8	2025-05-27 21:51:55.43117-05
sgchg63966ucwfh8ncyiozzrfkrtr1a1	eyJ1c3VhcmlvX2lkIjo4fQ:1uFehi:im7cgEb8tCjnpuqUMH3k-24mMARvQCYimqmJoaAmvuM	2025-05-29 14:57:18.906015-05
ae0yctnq6xkrjhha2ay3v9heijruq7pc	eyJ1c3VhcmlvX2lkIjo4fQ:1uFjRD:lBzMIpqdCBP_Di4oWJsNXAdzgZN2xgZGnt_bb9gE-Cg	2025-05-29 20:00:35.934935-05
g8j65ltwwvln33da4bcdbu5fduqgtsz7	eyJ1c3VhcmlvX2lkIjo5fQ:1uGNHD:Dn5deTzt-unfrAaWMGpNu2jCasuXnEsSnzXOrz0oeFo	2025-05-31 14:32:55.505446-05
ejz238c8q4p7tkevqydlwkmpuhpqkzp2	eyJ1c3VhcmlvX2lkIjoxMX0:1uGNWK:O6wkxSbrRe59VlH_NYt2u4UlsmH5Jgwze-SUc1WthSw	2025-05-31 14:48:32.432746-05
yhbrvp2wrk9qk1cisn2z0bpvb7n2qo8h	eyJ1c3VhcmlvX2lkIjo5fQ:1uH4Ym:-XY8kOBtGkXjikLT41lndOP_Iw9P_wxfFU6vwXj34jA	2025-06-02 12:45:56.466263-05
pkb5sjp2weo5c5av7t8wpo62vimnaelu	eyJ1c3VhcmlvX2lkIjo4fQ:1uH8ao:JCqjInLMggzQRTE_lfr-6ub0UXk_273FCq2txKHy9d4	2025-06-02 17:04:18.65472-05
2gh1npeic1akcpv6v3cwkbbmmonp77uv	eyJ1c3VhcmlvX2lkIjo4fQ:1uH8bv:q9NXo3oHkadAO6C0xTHUJeGw0dL8hD9E1TAgXV94ODY	2025-06-02 17:05:27.189367-05
9nxmhjiu3tgw6bx0ystkmfpnufij400m	eyJ1c3VhcmlvX2lkIjo4fQ:1uH8dR:6xRWo7YE2ne5bIOBPyxiv4uFIs0W-0xkrFRCtAlb4fg	2025-06-02 17:07:01.276527-05
bcg541ivozvaakxfjo0bovs2d0uics6e	eyJ1c3VhcmlvX2lkIjo4fQ:1uH8oT:4q1PoiZDYkIj3CxYcVNsnlTuUzMUHTh38Oz1v-rIMHo	2025-06-02 17:18:25.757485-05
2bzbr11akd0nnnywuv5bku49p222cb6q	eyJ1c3VhcmlvX2lkIjo4fQ:1uH8wx:yB_eqq7o82YYHvekYU2IwBZGlZm2LSGPUnXymJVad3Y	2025-06-02 17:27:11.373954-05
19n3h21d5r7p2lvn0vcojyshakqby8bg	eyJ1c3VhcmlvX2lkIjo5fQ:1uHBN5:u0aNZmKexNhnHBLtyKfsJoHBTQEbtAgc3jExzksgqO4	2025-06-02 20:02:19.202201-05
7z5z7pqgobkv2lizvdpx2gnqdzohvcxc	eyJ1c3VhcmlvX2lkIjo4fQ:1uHCSd:56wji9V_-rAOad08E_4d40PYEbpfIMbNRa9hR_UIM88	2025-06-02 21:12:07.366049-05
mpj729mwf38l6kukynuy03r722q0xbsq	eyJ1c3VhcmlvX2lkIjo5fQ:1uHChf:KTcAZe4LTAg40s8rGae3K1DwDNALOVsdeg3Ky6WwpCs	2025-06-02 21:27:39.920169-05
ug0gx0h2amjcxhef974oauk7kzz647z1	eyJ1c3VhcmlvX2lkIjo5fQ:1uHFlN:EHoblTm-P5QQrF5AOYyE-uwwtRx6MTyTIZgMiTEQu6k	2025-06-03 00:43:41.379254-05
7t04du4jaag3yfj4hdsdrf4hunihn50e	eyJ1c3VhcmlvX2lkIjo4fQ:1uHLjY:kjDzrYLwN02mWSLXPuVb1csdYVKLXZXY7txKw0vNXB4	2025-06-03 07:06:12.086641-05
xkst6kcjniigqvnf9m2mspua45hbznzu	eyJ1c3VhcmlvX2lkIjo4fQ:1uHMYn:kAw_faMWTkaDHbDxZPokVu7yPCUfyWr9hirG5o2fTZs	2025-06-03 07:59:09.001111-05
qos9pjwnsnlzdk44ykg4z5y7g07d8brr	eyJ1c3VhcmlvX2lkIjoxNH0:1uHQjh:LnU5ukacsB-venZyRi9yVk2GaENT5t90pGp7cLWuLSA	2025-06-03 12:26:41.808904-05
0bzd9n25si33vs798ilk5ufd2knt79fv	eyJ1c3VhcmlvX2lkIjoxNH0:1uHYrm:PD_Fd28Ly9RJsvloNmjhzcGqcz-hYprHvIe1U-PMU3c	2025-06-03 21:07:34.060641-05
tsz0t874u55686fhkw3anj9qthxdluu1	eyJ1c3VhcmlvX2lkIjo4fQ:1uHZL3:sJajIbC3z9CLAJIOAObgsDYt2KzD1b6NlYWy6ykdCJ4	2025-06-03 21:37:49.047486-05
eo7nc29p4cnud63ganr2ltpdoohpvjo5	eyJ1c3VhcmlvX2lkIjoxNH0:1uHZOB:G1rg-N11WkFbDmdxNQK6AqgOXX6iWcLT7hs2aO512Z8	2025-06-03 21:41:03.861753-05
n8z9dwmwia4pkzt8l6nvqemh2izaztzl	eyJ1c3VhcmlvX2lkIjo5fQ:1uHZWg:yp-bavTKWXQig_An8GYZlK9OIE-BHJIlhgL78FdwH9E	2025-06-03 21:49:50.2789-05
kdxrnm2dfmypwgop8kzvaolt37iqhnhy	eyJ1c3VhcmlvX2lkIjo4fQ:1uHm7g:FofIw2ulHmGFLsjDRgQ9RApnXzvG2lwuMu4WBoh66C8	2025-06-04 11:16:52.896258-05
mmavks8t3be8rkh377wrq3i8kfyajb1h	eyJ1c3VhcmlvX2lkIjo4fQ:1uHrFR:YM0XpWFFno4NGqbAfnFYAykcQX1P0syfr18n4OyCB0Y	2025-06-04 16:45:13.946492-05
j33i4zdvmhjg7cw7sngiirizs8rk0z4z	eyJ1c3VhcmlvX2lkIjoxNH0:1uHtdA:ybUKbh4Zvd1D-_YcQ5t1chz7jAiPYCurH92v6kjxE-0	2025-06-04 19:17:52.157378-05
bpq9ul17z8yrtph5gfbsndxwqnphexsy	eyJ1c3VhcmlvX2lkIjo4fQ:1uHuwq:4a7QKHRvBgesBLN-gau4NpXJNReymozCp--oiK-oEe8	2025-06-04 20:42:16.422113-05
6u033f9ovvx9jcld1mqo658icx2e60pu	eyJ1c3VhcmlvX2lkIjo4fQ:1uI6i9:PppaEHuhXtuYwXjc6w4SDPX9KVR9DtIY7-61idy2Y2Q	2025-06-05 09:15:53.257044-05
3l600hz5t3s0tla1qd3k72rcihr6pkkk	eyJ1c3VhcmlvX2lkIjoxNH0:1uI7Wp:LKc1izX-2TI4OS4YvUhLAXpwVjXiLkZvtBcz8pOO2-0	2025-06-05 10:08:15.943033-05
quhn95ljt2wypr13b4cmev2w1986dl5k	eyJ1c3VhcmlvX2lkIjo4fQ:1uIsp3:YL5ldFS4g5L_owMU1EDvAvMZMCtYsGWXz5O_soqI4GM	2025-06-07 12:38:13.461649-05
wy4352htrf8vmrosolju9usq5zwxwk1u	eyJ1c3VhcmlvX2lkIjo5fQ:1uJ40W:KI78H3uAbn53UXjQAt0bG_ddknNmeWDyJIbYhNhFHjA	2025-06-08 00:34:48.088361-05
bkd7lb17cj4l8bbmy4dzzuu29zy56ikc	eyJ1c3VhcmlvX2lkIjo5fQ:1uJ495:wVj132Bi-l8lNdZYD-bwQ6y8EHtwlltC4_oVi5SV-iA	2025-06-08 00:43:39.480896-05
ksmza8ymgaubn5zslo1q5412jr9rslq9	eyJ1c3VhcmlvX2lkIjo5fQ:1uJ4AX:50z96b3B6cNGKKcTknNseod1HUKv52ECbmVYLFxG3NU	2025-06-08 00:45:09.294759-05
lx801fvrcq3td097xby1ntam0680h6lq	eyJ1c3VhcmlvX2lkIjo5fQ:1uJ4Lv:7LIHU8LjZcKk9NegYKqNaH-Z1-A090sHsDpFfh6RAAs	2025-06-08 00:56:55.101533-05
ycqf79dg3pfglipqxxby0ug0lj8in77j	eyJ1c3VhcmlvX2lkIjo5fQ:1uJ4QC:wXes5XQEZKikDM_jFovvJdqf3EAMReCYUWBGtaa6Mz0	2025-06-08 01:01:20.493732-05
s650evj4w127p4opynse6jwy9q35112g	eyJ1c3VhcmlvX2lkIjo5fQ:1uJaYB:uC0Qf4FvZNaTxym4wFtCP5plXmXPKUjrx9MvHH1b4es	2025-06-09 11:19:43.276809-05
necl98k213d4jx9kjbwrscykrbkg4sfl	eyJ1c3VhcmlvX2lkIjo4fQ:1uJaZG:WyRtlXjEMa2gjnyNwgrhpKdb0Q_m6MX5xN3k1HGYVpU	2025-06-09 11:20:50.129995-05
oghiz1uxt4i7xqc94ch3fpagec1hdq5m	eyJ1c3VhcmlvX2lkIjoxNH0:1uJabp:0zHYGFkcB1H6izXGSxAUHlQB_XinBhecQyUXK-46ypw	2025-06-09 11:23:29.01761-05
ksxr30e65g4kjbof2g1j6nrgnignlkvc	eyJ1c3VhcmlvX2lkIjoxNH0:1uJdCg:mae4BXGL8ZX6IFtJZFW5TOMQMdfRw4F0KD2WEWzzCKU	2025-06-09 14:09:42.847061-05
d14kmc8znvhtb59bu2d8x6yqrb8odgue	eyJ1c3VhcmlvX2lkIjoxNH0:1uJxVA:POdhfDMU-0YbpYRN2nUFKIXksK775k-0BKqd9MRatGA	2025-06-10 11:50:08.811224-05
9fpqce9tgwwfmkg2k1zwxphwb4b2f84a	eyJ1c3VhcmlvX2lkIjo4fQ:1uKJNq:KZ0Bhj1CVcUvkA_4ozYx2td983eZVLOGpc39syF3k78	2025-06-11 11:12:02.220548-05
ae950d4pvr2o4uiafvyb06y16rtnvwq2	eyJ1c3VhcmlvX2lkIjo5fQ:1uKJPj:golw5awtHDN3NEFe0D6r5PCfG7533aLGDgLK0AwYV4Y	2025-06-11 11:13:59.702002-05
u358ch8vafjytdh25mqzl9rx6ciqkqg0	eyJ1c3VhcmlvX2lkIjo4fQ:1uKJTv:DoeB_JMOxBXCEfoOvu0Q0YFKl9EofEES2m2wWYWin38	2025-06-11 11:18:19.770401-05
hn8duct3yvl2124osnzo8rfy1tcw700e	eyJ1c3VhcmlvX2lkIjo5fQ:1uKJWU:S6fUUx0Ao_9EUZZapHXNssPHrZbrkj1ud791nXB32G0	2025-06-11 11:20:58.91097-05
85r66i15iwzencymrhtky8430iu6hedz	eyJ1c3VhcmlvX2lkIjo5fQ:1uKL11:ywpZosWwO76eFloVAo1GI-mOWI7GYoZM85KDEKUpeHI	2025-06-11 12:56:35.01261-05
8jaorv5ihvjaf3lc7f608w54skpcm5gu	eyJ1c3VhcmlvX2lkIjo4fQ:1uKL4w:mLKfXHDK1fMvNP2ImODD5fsf5Pkby4L1TWDHFqWoEeA	2025-06-11 13:00:38.105252-05
s3lwteurcnrfyxib2z4sbjs0sd6bxuwk	eyJ1c3VhcmlvX2lkIjoxOH0:1uKRhA:e2PP3Q0yaAvFjU0Ijo_KcnqtZTVNq2QuKMXYIAZLSLA	2025-06-11 20:04:32.416989-05
x5paoqg8roy1i8ecxif3pt145zmykorv	eyJ1c3VhcmlvX2lkIjoyMH0:1uKRo4:fbJuHS73X87jXoC36N8Xj40th4xIkmMe0ON43WZj8PQ	2025-06-11 20:11:40.208557-05
1bubehpxy87wsh6w856b4j8gurrnmk96	eyJ1c3VhcmlvX2lkIjoyMH0:1uKRoN:xpKC6GHgtBskJpgm8W_GjBQWZs_32W3oy34x90fgrAk	2025-06-11 20:11:59.051381-05
hewomq205rny1e17p7j01fjiz367e3u1	eyJ1c3VhcmlvX2lkIjo4fQ:1uKevb:lUcob9JYAgoRHBnwgLf21dj2PSpP6Mt6GJIdhvoSwQw	2025-06-12 10:12:19.246279-05
pellfhpshx7wjylnfpr35fabf5lb6he4	eyJ1c3VhcmlvX2lkIjoyMH0:1uKjCb:SWBahPEa4tmS98IkYE8I_mt7gZsFkJzE20vT7rbszXc	2025-06-12 14:46:09.766861-05
07kv5ssxqq2fwhjpvn1wkt8hh895kkih	eyJ1c3VhcmlvX2lkIjoyMH0:1uKnEE:ApOw2HJ2DvMktSRL0ggBFqGW6Z-Dhh4u0vXIP5QtICQ	2025-06-12 19:04:06.249685-05
f4g0yoi1ljzkhd31j7775v8emf66eqwm	eyJ1c3VhcmlvX2lkIjoyMH0:1uL35X:ffbZrzb0LGNr1uJVgkLs4uCVW_ctp2m5TPf8m1gjxjc	2025-06-13 12:00:11.123181-05
7t2f4i6wc5o5t6ntnw126gkmkscclwpt	eyJ1c3VhcmlvX2lkIjo4fQ:1uL35w:HnvnPH-B5FSnMRIliYP1oHSh23rL9G6F8VXmqNvvSbw	2025-06-13 12:00:36.082769-05
nk6ha630zakeqsn4v3ymlk8q4vg30ixh	eyJ1c3VhcmlvX2lkIjo5fQ:1uOjo9:5MBvTHMzo8ZxdGzP48xOzNWudlV3FejMTpecTcM5zsM	2025-06-23 16:13:29.679453-05
6s1amxed2xen7xt8vlhro6e4sp5apmhj	eyJ1c3VhcmlvX2lkIjo5fQ:1uOjo9:5MBvTHMzo8ZxdGzP48xOzNWudlV3FejMTpecTcM5zsM	2025-06-23 16:13:29.975069-05
71mzd3h6ikrmc3pi1a8tiubozsllk1t4	eyJ1c3VhcmlvX2lkIjo5fQ:1uOluS:WttFbeRIUJ3V-dHEHHrUsgw96nnsJ4jsuZSRFVkN_cw	2025-06-23 18:28:08.434125-05
f9gc1fr1ummab066xesujkplewgxu9wl	eyJ1c3VhcmlvX2lkIjo4fQ:1uP5d9:wh8ubcn2ga3vIbbr0F2vPkDPoX2YgQexThZAtR_STYk	2025-06-24 15:31:35.766186-05
y7sxraoglcd7iaa4cniy4vgd0yrvdn1l	eyJ1c3VhcmlvX2lkIjoxMn0:1uPB2z:ntKSHGAUqc-esbUbRiDIShdGnu5gwZ3yLzg-QpQenTE	2025-06-24 21:18:37.093202-05
275lik6l4pjltoixpo90ayaidzi20ubb	eyJ1c3VhcmlvX2lkIjo4fQ:1uPB3y:EgEnjJOwKFLiHljjRCWFjEWGwRVGDGuKp5He5XMceDI	2025-06-24 21:19:38.050157-05
m0gtwk8yddpdx3dbi9oy7n0by8f9ts6v	eyJ1c3VhcmlvX2lkIjoxMn0:1uPBCQ:zX9GXgXvrBvn5R9XfXXSMiEMx2Fwf96VBNGyFHGu_yM	2025-06-24 21:28:22.023258-05
vgubarndl06xh9veeacyf87ndx74oxxt	eyJ1c3VhcmlvX2lkIjo4fQ:1uPBOu:YuA1TmtHMdCYLMU8j1nP0F76I5zO3cc8tYRBeEpunoM	2025-06-24 21:41:16.630163-05
883d7x1d2hi4zkachch1tb2o65fxtk5q	eyJ1c3VhcmlvX2lkIjoxMn0:1uPBPw:vEEvwB_FysZAp2sd5psLwiaGm39qteLYpG9Dkp7aht8	2025-06-24 21:42:20.196419-05
6tqfswe66j84vwttnohplgbhmua7r1l3	eyJ1c3VhcmlvX2lkIjoyMH0:1uPBTj:siwzMiXoZWnwzb3HSGB36LYcXSY7IV-459eQ1BnjaOQ	2025-06-24 21:46:15.346259-05
bni6h4mywvgoaovigscbiv1z9cd8xe1c	eyJ1c3VhcmlvX2lkIjo4fQ:1uPBdK:fbKTrjYQjFSGoPFElZk-1GWUQ469jxEoPkcjMU2GrAk	2025-06-24 21:56:10.090538-05
4oye7p3y8ecw15uoulh6yjgq7ldbv5je	eyJ1c3VhcmlvX2lkIjoxMn0:1uPBeX:4Z4gr0ntDiYunr2bZIOx5wpwKqv70RH6VV1OroK60TI	2025-06-24 21:57:25.207997-05
cvsevrjryz5iut14w7kpewryfv2z1d5c	eyJ1c3VhcmlvX2lkIjoyMH0:1uPBkA:rYf11GqaaZbhaKwLkRysJ-1o5vOI_g5VGCrZWp93GF0	2025-06-24 22:03:14.490944-05
tq4wkonibmqwdjm05dp7x61nurzcua99	eyJ1c3VhcmlvX2lkIjoyMH0:1uPBo7:FaUxp4ts3hLHffro6fWQXq5CPHrVYyFgrTAACkfufNQ	2025-06-24 22:07:19.093796-05
vgiiaqyp0c4pwfi0wuoveerchme8nrum	eyJ1c3VhcmlvX2lkIjoxMn0:1uPCay:9qC-qEIwQhSZhicMQOejG3Z0TzycP8jybGNDqZw2emk	2025-06-24 22:57:48.132552-05
356zhzst75y9gx5des3pqgsiyfnhuwhh	eyJ1c3VhcmlvX2lkIjo4fQ:1uPCbF:CT4yqj91rqsOlmE9Pt0NoMouxMlfGd5salmT173z0S8	2025-06-24 22:58:05.678356-05
l9mon0zj2ek4wx9ws1fl7a5c6mbnq0zt	eyJ1c3VhcmlvX2lkIjoyMX0:1uPCfQ:QSbHhTM7IL3UW1OGiCzWtZl7NjxtGVdQEWVky5R6j-o	2025-06-24 23:02:24.704636-05
ok820onx9r2iyaudu66m8z846bq0ekre	eyJ1c3VhcmlvX2lkIjoyMn0:1uPCjV:AA9QQ4f3fxyzP1jhW1osWnLBP13UgXPiNA8LiVIX10Q	2025-06-24 23:06:37.799543-05
bqs2n8gpfyhcurep02pcl5rftyzx8i33	eyJ1c3VhcmlvX2lkIjoxNH0:1uPOLw:RYvtuG-dp3_7TnKmXbkDijX-S1AIggc6QJ2Dyf1e07o	2025-06-25 11:31:04.610489-05
ca55vp3y0a6g2mu2010bota2p62ev1ej	eyJ1c3VhcmlvX2lkIjo4fQ:1uPih8:SacJtirWz4agSM2SsGvkqlrS4qg74LrqDGZUmQBHJgo	2025-06-26 09:14:18.600394-05
zrhoyqauq0xrxhhjmvrrpz3r3eu3730w	eyJ1c3VhcmlvX2lkIjoxNH0:1uPikU:_YCSMn-xAgA88QDtTiPCjg-r9J-nmG3gwjwfzfbV1n8	2025-06-26 09:17:46.526393-05
bsn51g7ks9sbh3bvxguwrejv2bhl28mp	eyJ1c3VhcmlvX2lkIjo4fQ:1uPil0:2btzV1I9YEm2rkcBSj2qWqSPYbwofMzcu1vrbBELJXU	2025-06-26 09:18:18.879161-05
e2175apch4gadws9n0fwehurh8mgyxv4	eyJ1c3VhcmlvX2lkIjoxNH0:1uPilQ:Dr8ZkIS-kK7nTiKtT9WVqoA4yg2ecG4Rhh2bjv4vD8c	2025-06-26 09:18:44.964469-05
yshuj9zjek7wy1boeqycft82ecpairlh	eyJ1c3VhcmlvX2lkIjo4fQ:1uPinU:v_Q-CcKwIsCF1ioIhW5x4IcN_TCAznlRIgHIlms9NWg	2025-06-26 09:20:52.149768-05
22zubmkr9idg5jjm97bvbnvalksphp6w	eyJ1c3VhcmlvX2lkIjoxMn0:1uPioM:yuiMxhx4v4FxH2Zre4-z9J-lqs2npmhpuypuRH6b1do	2025-06-26 09:21:46.302762-05
aw5gp1zypmkuwrugjmv491akhk7d4qwj	eyJ1c3VhcmlvX2lkIjo4fQ:1uPivA:azfMHqLH5oOmVz3aGgr9BolJk18iHmg7GKAnzWZHjDw	2025-06-26 09:28:48.496489-05
m5qcabx4cqzse9bfy7dikpjzqe89ufru	eyJ1c3VhcmlvX2lkIjoyMn0:1uPj1c:Gnn0CTaHYJMa6Kdm9V793GjkmV0r7FfxNDTmQZ8DTcg	2025-06-26 09:35:28.396188-05
piqkd8e0evgpvshm9q97fo36l7ddt5ep	eyJ1c3VhcmlvX2lkIjo4fQ:1uSOiQ:oR8Zeink6LsNchiKYNF_LlowR9L33yCXypaYDueHT1o	2025-07-03 18:30:42.664877-05
bdb5hjgnrez5qvnqqmq9oseb15v4p9wg	eyJ1c3VhcmlvX2lkIjo4fQ:1uX0UX:oc1mNxiS5RGKvfeb1X08LfGN-iymMDubvyGi7nlXaSI	2025-07-16 11:39:25.111395-05
fx1jojizpwxk71o0iusyv98amzcasbib	eyJ1c3VhcmlvX2lkIjo4fQ:1uX0dG:-_DWaaGhoCfZlZk2HVnzebTW3GjgxuZcA-Dso32lX1U	2025-07-16 11:48:26.06849-05
ctnsuhz44gx0eqqaaz1h61papn3kvr5l	eyJ1c3VhcmlvX2lkIjo4fQ:1uXUPU:xRFuzQrjL08K7p6fukdG3UN_syyUunAuuTOa5HC3oWI	2025-07-17 19:36:12.407119-05
ohgtgz8mjzynx5ysyxltspuygz4fdwpw	eyJ1c3VhcmlvX2lkIjoyMn0:1uXUSp:Ro1VDgAdyJy4MjvriArHy1JyzPL0O0l5bUJdHkpq9jw	2025-07-17 19:39:39.806471-05
sztu4xx8f34yo5gwhha4uoongnrmoqbs	eyJ1c3VhcmlvX2lkIjo4fQ:1uZC50:zwnNTSsDmxBeBXUMfIDuXSS-ofw9L0lr7E8t_KmzL3w	2025-07-22 12:26:06.015302-05
\.


--
-- Data for Name: metodos_api; Type: TABLE DATA; Schema: public; Owner: postgres
--

COPY public.metodos_api (id, metodo, endpoint, descripcion, lenguaje_codigo, codigo, parametros, retorno, api_id) FROM stdin;
1	GET	/miapi/ejemplo	Da el clima	Python	\N	"[\\n    { \\"nombre\\": \\"ciudad\\", \\"tipo\\": \\"string\\", \\"requerido\\": true }\\n  ]"	"{\\n    \\"mensaje\\": \\"Éxito\\",\\n    \\"resultado\\": {}\\n  }"	13
2	GET	/apinueva	Una nueva API si	Python	\N	"[\\n    { \\"nombre\\": \\"ciudad\\", \\"tipo\\": \\"string\\", \\"requerido\\": true }\\n  ]"	"{\\n    \\"mensaje\\": \\"Éxito\\",\\n    \\"resultado\\": {}\\n  }"	14
3	GET	/otra	esta es otraaaaaaa	Python	\N	"[\\n    { \\"nombre\\": \\"ciudad\\", \\"tipo\\": \\"string\\", \\"requerido\\": true }\\n  ]"	"{\\n    \\"mensaje\\": \\"Éxito\\",\\n    \\"resultado\\": {}\\n  }"	15
4	GET	/mas/	otra api mas	Python	\N	"[\\n    { \\"nombre\\": \\"ciudad\\", \\"tipo\\": \\"string\\", \\"requerido\\": true }\\n  ]"	"{\\n    \\"mensaje\\": \\"Éxito\\",\\n    \\"resultado\\": {}\\n  }"	16
5	GET	/api	holaaa	Python	\N	"[\\n    { \\"nombre\\": \\"ciudad\\", \\"tipo\\": \\"string\\", \\"requerido\\": true }\\n  ]"	"{\\n    \\"mensaje\\": \\"Éxito\\",\\n    \\"resultado\\": {}\\n  }"	17
6	GET	/holabola	hola esto es una api	Python	\N	"[\\n    { \\"nombre\\": \\"ciudad\\", \\"tipo\\": \\"string\\", \\"requerido\\": true }\\n  ]"	"{\\n    \\"mensaje\\": \\"Éxito\\",\\n    \\"resultado\\": {}\\n  }"	18
7	GET	/ultimo	es el ultimo	Python	\N	"[\\n    { \\"nombre\\": \\"ciudad\\", \\"tipo\\": \\"string\\", \\"requerido\\": true }\\n  ]"	"{\\n    \\"mensaje\\": \\"Éxito\\",\\n    \\"resultado\\": {}\\n  }"	19
18	GET			python		""	""	22
19	POST	/miapi/cuadradoFinal	{\n  "numero": 7\n}	python	def ejecutar(data):\n    numero = data.get("numero")\n\n    if numero is None:\n        return {\n            "mensaje": "Error",\n            "error": "Falta el campo 'numero'."\n        }\n\n    if not isinstance(numero, (int, float)):\n        return {\n            "mensaje": "Error",\n            "error": "El campo 'numero' debe ser un número."\n        }\n\n    cuadrado = numero ** 2\n\n    return {\n        "mensaje": "Éxito",\n        "resultado": {\n            "cuadrado": cuadrado\n        }\n    }\n	"[]\\n"	"{\\n  \\"mensaje\\": \\"Éxito\\",\\n  \\"resultado\\": {\\n    \\"cuadrado\\": 49\\n  }\\n}"	22
20	PUT			python		""	""	22
21	DELETE			python		""	""	22
22	PATCH			python		""	""	22
23	GET			python		""	""	23
24	POST	/clima-ciudad	{\n  "ciudad": "Madrid"\n}	python	def ejecutar(data):\n    ciudad = data.get("ciudad")\n\n    if not ciudad:\n        return {\n            "mensaje": "Error",\n            "error": "El campo 'ciudad' es obligatorio."\n        }\n\n    # Simulación de temperatura\n    temperaturas_simuladas = {\n        "Madrid": "22°C",\n        "Barcelona": "24°C",\n        "Londres": "18°C",\n        "París": "20°C"\n    }\n\n    temperatura = temperaturas_simuladas.get(ciudad, "Desconocida")\n\n    return {\n        "mensaje": "Éxito",\n        "resultado": {\n            "ciudad": ciudad,\n            "temperatura": temperatura\n        }\n    }	"[\\n  { \\"nombre\\": \\"ciudad\\", \\"tipo\\": \\"string\\", \\"requerido\\": true }\\n]"	"{\\n  \\"mensaje\\": \\"Éxito\\",\\n  \\"resultado\\": {\\n    \\"ciudad\\": \\"Madrid\\",\\n    \\"temperatura\\": \\"22°C\\"\\n  }\\n}"	23
25	PUT			python		""	""	23
26	DELETE			python		""	""	23
27	PATCH			python		""	""	23
59	POST	/api2requerimientos	{\n    "X_train": [[1], [2], [3]],\n    "y_train": [2, 4, 6],\n    "X_pred": [[4], [5]]\n  }	python	import subprocess\nimport sys\ndef ejecutar(parametros):\n    import numpy as np\n    from sklearn.linear_model import LinearRegression\n\n    X_train = np.array(parametros['X_train'])\n    y_train = np.array(parametros['y_train'])\n    X_pred = np.array(parametros['X_pred'])\n\n    model = LinearRegression()\n    model.fit(X_train, y_train)\n\n    predicciones = model.predict(X_pred).tolist()\n\n    return {\n        "coeficientes": model.coef_.tolist(),\n        "intercepto": model.intercept_.item(),\n        "r2_score": model.score(X_train, y_train),\n        "predicciones": predicciones\n    }	"[\\n  { \\"nombre\\": \\"X_train\\", \\"tipo\\": \\"array\\", \\"requerido\\": true },\\n  { \\"nombre\\": \\"y_train\\", \\"tipo\\": \\"array\\", \\"requerido\\": true },\\n  { \\"nombre\\": \\"X_pred\\",  \\"tipo\\": \\"array\\", \\"requerido\\": true }\\n]"	"{\\n  \\"coeficientes\\": [2.0],\\n  \\"intercepto\\": 0.0,\\n  \\"r2_score\\": 1.0,\\n  \\"predicciones\\": [8.0, 10.0]\\n}"	30
60	PUT			python		""	""	30
61	DELETE			python		""	""	30
62	PATCH			python		""	""	30
48	GET	/pruebarara		python		""	""	28
49	POST			python		""	""	28
50	PUT			python		""	""	28
51	DELETE			python		""	""	28
52	PATCH			python		""	""	28
53	GET	/apirara2		python		""	""	29
54	POST			python		""	""	29
55	PUT			python		""	""	29
56	DELETE			python		""	""	29
57	PATCH			python		""	""	29
58	GET			python		""	""	30
64	POST	/post		python		""	""	31
65	PUT			python		""	""	31
66	DELETE			python		""	""	31
67	PATCH			python		""	""	31
38	GET			python		""	""	26
40	PUT			python		""	""	26
41	DELETE			python		""	""	26
42	PATCH			python		""	""	26
43	GET	get		python	sd	"jhbvjkcb"	""	27
44	POST			python		""	""	27
45	PUT			python		""	""	27
46	DELETE			python		""	""	27
47	PATCH			python		""	""	27
88	GET	/miapi/prueba	{"persona": "Lenin"}	python	{"persona": "Lenin"}	"[\\n{\\"nombre\\": \\"persona\\",\\"tipo\\": \\"String\\",\\"requerido\\": True}\\n]"	"{\\"mensaje\\": \\"persona\\"}"	38
89	POST			python		""	""	38
90	PUT			python		""	""	38
91	DELETE			python		""	""	38
92	PATCH			python		""	""	38
63	GET	/get		python		"{\\n  \\"X_train\\": [[1], [2], [3]],\\n  \\"y_train\\": [2, 4, 6],\\n  \\"X_pred\\": [[4], [5]]\\n}\\n"	""	31
39	POST	/regresion	{\n    "X_train": [[1], [2], [3]],\n    "y_train": [2, 4, 6],\n    "X_pred": [[4], [5]]\n  }	python	import subprocess\nimport sys\n\ndef instalar_dependencias():\n    paquetes = ["numpy", "scikit-learn"]\n    for paquete in paquetes:\n        try:\n            __import__(paquete)\n        except ImportError:\n            subprocess.check_call([sys.executable, "-m", "pip", "install", paquete])\n\ninstalar_dependencias()\n\ndef ejecutar(parametros):\n    import numpy as np\n    from sklearn.linear_model import LinearRegression\n\n    X_train = np.array(parametros['X_train'])\n    y_train = np.array(parametros['y_train'])\n    X_pred = np.array(parametros['X_pred'])\n\n    model = LinearRegression()\n    model.fit(X_train, y_train)\n\n    predicciones = model.predict(X_pred).tolist()\n\n    return {\n        "coeficientes": model.coef_.tolist(),\n        "intercepto": model.intercept_.item(),\n        "r2_score": model.score(X_train, y_train),\n        "predicciones": predicciones\n    }\n	"[\\n  { \\"nombre\\": \\"X_train\\", \\"tipo\\": \\"array\\", \\"requerido\\": true },\\n  { \\"nombre\\": \\"y_train\\", \\"tipo\\": \\"array\\", \\"requerido\\": true },\\n  { \\"nombre\\": \\"X_pred\\",  \\"tipo\\": \\"array\\", \\"requerido\\": true }\\n]\\n"	"{\\n  \\"coeficientes\\": [2.0],\\n  \\"intercepto\\": 0.0,\\n  \\"r2_score\\": 1.0,\\n  \\"predicciones\\": [8.0, 10.0]\\n}\\n"	26
\.


--
-- Data for Name: permiso_api; Type: TABLE DATA; Schema: public; Owner: postgres
--

COPY public.permiso_api (id, creado_en, api_id, colaborador_id) FROM stdin;
5	2025-06-12 09:14:34.403048-05	5	12
7	2025-06-12 09:20:25.523678-05	26	8
\.


--
-- Data for Name: roles; Type: TABLE DATA; Schema: public; Owner: postgres
--

COPY public.roles (id, nombre, descripcion) FROM stdin;
1	Administrador	Usuario que administra el sistema
2	Desarrollador	Usuario que puede publicar APIs
3	Usuario Final	Usuario que consume las APIs
\.


--
-- Data for Name: sesiones; Type: TABLE DATA; Schema: public; Owner: postgres
--

COPY public.sesiones (id, token_sesion, creado_en, expira_en, activa, usuario_id) FROM stdin;
58	a70bcea7cc3ed5346570b30b937035fd24b8ec363ff157a0f7977b1bcdb6a695	2025-05-19 20:02:19.189974-05	2025-06-18 20:02:19.189237-05	f	9
57	15b2a616032270301cf1d01e6b0337d27da2133dc05d1e0efd0b1086b26b7692	2025-05-19 17:27:11.360599-05	2025-06-18 17:27:11.360197-05	f	8
44	00d358da3b277a4b1bbee8a9085c9ee1f03cb2167bcc0b95847557fd5d0de503	2025-05-15 14:57:18.893427-05	2025-06-14 14:57:18.893126-05	f	8
45	ccc9206eac0ed80f094f2d0faa5ce568040ca5289fd391d42dbe032906205a36	2025-05-15 20:00:35.923786-05	2025-06-14 20:00:35.923298-05	f	8
62	c0418ca63afad7457c6568625feba56f25071faf35c9eaf31d8ceab38cb4b726	2025-05-20 07:06:12.075357-05	2025-06-19 07:06:12.074595-05	f	8
59	19324f624bb268866884a108a036ba772350b7d27ac7c904a166d600734a5c26	2025-05-19 21:12:07.354018-05	2025-06-18 21:12:07.35366-05	f	8
46	2fe07c38f09a827d6c9b7ca6bd25c86f9cb3184ef9cbe3ace0ac95cc1720438e	2025-05-17 14:32:55.492979-05	2025-06-16 14:32:55.492261-05	f	9
63	df8385ee925f612f04a74bbe03e649711c613e9d5e0511a95dfa37b32d53d047	2025-05-20 07:59:08.988386-05	2025-06-19 07:59:08.987899-05	f	8
64	710f2fb26ea872096d147da1a8b2904d	2025-05-20 12:24:56.961915-05	2025-05-21 12:24:56.961652-05	f	14
65	50a3005efa2d25eab08514a43ee05aa6f8ecf9bd39ed844a1efa133c5a4f1143	2025-05-20 12:26:41.797591-05	2025-06-19 12:26:41.797219-05	t	14
68	bfdc0f0d702b07909c4b010d41bb623f03c124b3351fb4620049276ec7b50aaf	2025-05-20 21:41:03.850687-05	2025-06-19 21:41:03.850023-05	t	14
67	a013c8de3d5b469de79c9c3f40311201895d99cc64dfc9ef22411de669f15344	2025-05-20 21:37:49.034657-05	2025-06-19 21:37:49.033783-05	f	8
51	a97bc7399c0ded5cfc782d85ab0a96f7	2025-05-19 12:42:16.758599-05	2025-05-20 12:42:16.758269-05	f	13
70	c6d8fe6efd691216ca04a6589c929dcf4b940aaffccea75eb0d60e9282961ec9	2025-05-21 11:16:52.885001-05	2025-06-20 11:16:52.884347-05	f	8
69	b0d1cdb3ea95359edf440ae3182f6a512713335ae4acc773f7211ffe78355131	2025-05-20 21:49:50.266962-05	2025-06-19 21:49:50.266203-05	f	9
72	68b4af8d9081767bfd8e596fa6626dde636a9fd9cfd98641c94ef0cda2ac7267	2025-05-21 19:17:52.144081-05	2025-06-20 19:17:52.143372-05	t	14
53	e56fe376c6749b973f490cd65e349c4e0b969a26d1859a1ee5576673556932b3	2025-05-19 17:04:18.64298-05	2025-06-18 17:04:18.642179-05	f	8
55	923e2c77a6ecebaf253af4fb38bfde0eb2acab6d6f3134dbf4b960de782bc72d	2025-05-19 17:07:01.265148-05	2025-06-18 17:07:01.264814-05	f	8
74	05a4b99c507ce62a295331f449f60f7916b997941508c25f58a908f028f8a3fe	2025-05-22 09:15:53.243929-05	2025-06-21 09:15:53.243277-05	f	8
66	0184bf56328f4aa4ea6481e833cd9e05c904ee4cba12ae6aba25e367b32c75ca	2025-05-20 21:07:33.897338-05	2025-06-19 21:07:33.896634-05	f	14
43	4a1cbd861fd8aa1eb75c18d3a82ede95	2025-05-15 09:33:31.572-05	2025-05-16 09:33:31.572-05	f	9
50	d66beccb76b5650fd7ca57b61b779928	2025-05-17 14:55:54.387-05	2025-05-18 14:55:54.387-05	f	12
75	00a97ad9ad2373d9e379fdf0360dc7c601e58ab84af2c0817fd9f46a984321ea	2025-05-22 10:08:15.930108-05	2025-06-21 10:08:15.929755-05	f	14
52	7633caeb35b807e14e7c6b3007db3796a042110100f7db4d58abbb1d233daf2f	2025-05-19 12:45:56.455-05	2025-06-18 12:45:56.455-05	f	9
60	45a005f6cb776afe24027d58772cc9b46e59a8fc69bec19171464a3725b5cc0d	2025-05-19 21:27:39.907-05	2025-06-18 21:27:39.907-05	f	9
54	d9c1605f9341fe37dec45ebee497b6c227065be1f35efe0875c97e6e627f0ef8	2025-05-19 17:05:27.174-05	2025-06-18 17:05:27.174-05	f	8
61	181bd43fc5a4959cee86830ddca1f19a1d62da67386da94b90f0895d6cc92056	2025-05-20 00:43:41.367-05	2025-06-19 00:43:41.366-05	f	9
56	b0caa7a7e51c3faa7f41f52094969a20a8264a2b5689c81cea4f2b0a5cefc931	2025-05-19 17:18:25.745-05	2025-06-18 17:18:25.744-05	f	8
71	e19ff967cf3159c54cebaab971a334f561a151cf5cbf9be723c445e88af364ee	2025-05-21 16:45:13.925-05	2025-06-20 16:45:13.924-05	f	8
73	eb8b359f73643ac3367781d4860accdaa584833d80dfe90878afb15f39e0e991	2025-05-21 20:42:16.411-05	2025-06-20 20:42:16.41-05	f	8
77	8e71a5a070e8db1f2d79f8fed608d702889114a4f6dbd289459cae7acf09a7cd	2025-05-25 00:34:48.074599-05	2025-06-24 00:34:48.07382-05	f	9
78	6b1532922e75621c646786ccdd46729f3531a206b74039001bb9bdd140110a38	2025-05-25 00:43:39.467757-05	2025-06-24 00:43:39.467353-05	f	9
79	eb6b6f9d68dd56c161665d88350abed8fce6549f269ff7154441a572b14dff64	2025-05-25 00:45:09.281508-05	2025-06-24 00:45:09.281084-05	f	9
80	555fb7e26b405863f9c612e46d2fff034423d48e865c2b03d8d6cec3e4647870	2025-05-25 00:56:55.090693-05	2025-06-24 00:56:55.090333-05	f	9
81	c107595d2d66f3d20fa850b3fbb4aa64abf0e58a9677170b11836cc4d2bbadee	2025-05-25 01:01:20.480859-05	2025-06-24 01:01:20.480458-05	f	9
38	43bdd940e8990b9643deecac69cadf24	2025-05-13 18:08:27.18-05	2025-05-14 18:08:27.18-05	f	8
39	fff0749c40076224fbefecb709358fadc3e726040cb43872be576a21795e6dab	2025-05-13 18:32:27.271096-05	2025-06-12 18:32:27.270558-05	f	8
40	87084e6def5cc36b86a9687910dd5f0970e92639ae84ebeab3e0aac3754357f0	2025-05-13 20:03:37.764011-05	2025-06-12 20:03:37.763282-05	f	8
41	27dd7ab2f90ae8a981459489531833db65bb0645c7636d38af0619f7b93ffe10	2025-05-13 20:37:05.107-05	2025-06-12 20:37:05.107-05	f	8
42	cfde75cb9f807fd47eb7e701ce5f79087d03a4735cee37cefc1fb76e2b909468	2025-05-13 21:51:55.418-05	2025-06-12 21:51:55.417-05	f	8
83	faaad77443319a8fedbea9a74283482bc7351b7dbed2ecc607aae2fee2552761	2025-05-26 11:20:50.118862-05	2025-06-25 11:20:50.118378-05	f	8
82	ac89b36f91628e780e2f0718227919a4b465f9a5a57d812764eaabd8bc0501e3	2025-05-26 11:19:43.263917-05	2025-06-25 11:19:43.26325-05	f	9
76	1eec11e58d76161cb87b94b50cda6a568b3aa2ea978e2e0deb93c5389a87a992	2025-05-24 12:38:13.449523-05	2025-06-23 12:38:13.448739-05	f	8
85	4ff91d6dcf95442d09b524c20372f6c3f1f89fe3a8b356d3b94b01f620fcd4c2	2025-05-26 14:09:42.832353-05	2025-06-25 14:09:42.832026-05	f	14
86	10f94a068bd8d0cd8ce1d245e8f001250618db29b06266b10213604c3bf13bb2	2025-05-27 11:50:08.800292-05	2025-06-26 11:50:08.79978-05	t	14
84	ccaf08cf66ebad44e8987961cb9c840ee428af025d32aa8577e12f564578fd5a	2025-05-26 11:23:28.765769-05	2025-06-25 11:23:28.765458-05	f	14
87	3ecd896325eef59006605cb91fe4434b657cfab91cb7a7ff8d6f22494d9daa4c	2025-05-28 11:12:02.206952-05	2025-06-27 11:12:02.206523-05	f	8
88	66ded0584e3b696341a6551261ac3b10c226b64c6c66c248cb5333137a6e0c13	2025-05-28 11:13:59.690947-05	2025-06-27 11:13:59.690584-05	f	9
90	1305f328eb235e3fb857ee0bf3bf2be02184f0f446ca8750eeaf054fbbea6122	2025-05-28 11:20:58.898013-05	2025-06-27 11:20:58.897645-05	t	9
89	85e67791d0eeeaa79d0c82116d372f3d7825b568268109bde56fce5b0d03b275	2025-05-28 11:18:19.25411-05	2025-06-27 11:18:19.253789-05	f	8
91	babf291aed3e8e9d381eaabfc8b4a4ab74e97317dfa7d6c312e53d8650c1315a	2025-05-28 12:56:35.000369-05	2025-06-27 12:56:35.000023-05	t	9
92	5858fdb73cf6559c05b6e2381356b48447f41297facf1b8a31e27b77fc90e797	2025-05-28 13:00:37.690158-05	2025-06-27 13:00:37.689681-05	f	8
93	0740b775308784025cbf347dceb78755	2025-05-28 19:49:45.254609-05	2025-05-29 19:49:45.254256-05	f	15
98	c920f662513d63c1fb70b4476a3c414d51ad3bce4bddedb30a61a22146df715f	2025-05-28 20:11:40.197053-05	2025-06-27 20:11:40.196677-05	f	20
99	33ddddb3cc02e990fdbb0db30ee7be7315ccdb3a40ecd73396c58683b7efd0ce	2025-05-28 20:11:59.040685-05	2025-06-27 20:11:59.040408-05	f	20
102	bc05b440b0d180d0c0b7caeb1acc02b618fadd81d4351094268a0b6f34bf14af	2025-05-29 19:04:06.221829-05	2025-06-28 19:04:06.221237-05	t	20
101	bd8dca044a9cbf675617bb40891fd95d4f45c5140c7a35ca23fe933bee1433c1	2025-05-29 14:46:09.756106-05	2025-06-28 14:46:09.755857-05	f	20
103	65fa76eda2a64e8c92257bf6c8439d5da308a9c71067f2350649e6d104846ab3	2025-05-30 12:00:11.105616-05	2025-06-29 12:00:11.104892-05	f	20
104	7e6eb8425dcf9730e2e291f3dbbaa7abca4143c78cd519306797c3952f8e024a	2025-05-30 12:00:36.071079-05	2025-06-29 12:00:36.070662-05	t	8
105	7ec73d63acb6169cd6ad7ce225dfc5c2cb86dadb6a4927f5f00b8f696dfd4931	2025-06-09 16:13:29.64032-05	2025-07-09 16:13:29.639605-05	t	9
106	7881d2bbacf1902421511b0a5bd60a62af9de8c34f90ffb9643cdc6dd0c7e833	2025-06-09 16:13:29.964925-05	2025-07-09 16:13:29.96457-05	f	9
107	ca7f18ec42da1b4c9dc94362c5f7080bdfdd8878386af4aaa4bd87174610dbd2	2025-06-09 18:28:08.421856-05	2025-07-09 18:28:08.421228-05	t	9
108	caf51ece80d588d1a8d31d1e1dfeaadbb30a12fbf36e1849138d8ab47c573815	2025-06-10 15:31:35.752924-05	2025-07-10 15:31:35.752206-05	f	8
109	f2ab0fe6389debf18edf97adf604d519479f53fb2246a3542e6ead1c211ad008	2025-06-10 21:18:37.083015-05	2025-07-10 21:18:37.082565-05	f	12
110	02b886f0e96cf8d9c6f04b9469fcdb689e2c3e2da828b64727d0a54b876990c0	2025-06-10 21:19:38.038734-05	2025-07-10 21:19:38.038394-05	f	8
111	69d3598215935b47bccaa41d94f5b62226ef1d20ede499a7eea0c9186f3b3b45	2025-06-10 21:28:22.005918-05	2025-07-10 21:28:22.005386-05	f	12
112	3307fc582b697e9382f27f14479230fdc3246a021de24a460cc542112acc2b46	2025-06-10 21:41:16.617773-05	2025-07-10 21:41:16.617463-05	f	8
113	b07cb7881df20f959b7c7a05eeacb1900d51430cd83216f49d88dffcd60aa318	2025-06-10 21:42:20.18386-05	2025-07-10 21:42:20.183512-05	f	12
114	624fa9f737b4d4a654005c138d0b5af5d44a5e43009aea6bd99ac377ca0a7062	2025-06-10 21:46:15.33465-05	2025-07-10 21:46:15.334282-05	f	20
115	1f32207583bb3d19d0c1464c74e34358d213ebfd43a9ab636f53c9eec01b977c	2025-06-10 21:56:10.065177-05	2025-07-10 21:56:10.064386-05	f	8
116	b39c710b60dd22d57cd12c1fe19f1018fea75479c53e0997c777913d7e21dfc7	2025-06-10 21:57:25.193484-05	2025-07-10 21:57:25.193065-05	f	12
117	609f5bfefcfa6e18ec84ac45c63708386075a1eb04d1d4791678118744d20c6b	2025-06-10 22:03:14.479319-05	2025-07-10 22:03:14.479012-05	f	20
118	d06dbf0bc29b0dd01f5a9a7bfc362a8c0503802e559779ca85f6fd2e29cd06dc	2025-06-10 22:07:19.082478-05	2025-07-10 22:07:19.082168-05	f	20
119	648b01f344c1672d368e846717b1a7711bbc3bdc715a1f0a0b21bf9d79329175	2025-06-10 22:57:48.11948-05	2025-07-10 22:57:48.119094-05	f	12
120	a71eb992f12cc9f337351a2cbbed5415ac44bcd8d6c012153fb6abbb43b5f71e	2025-06-10 22:58:05.667009-05	2025-07-10 22:58:05.666714-05	f	8
100	f6200abfcf3e9fc4e97dbae5b77805f7f69bf7ecf1bb039c8e2b54b622b2dc06	2025-05-29 10:12:19.232001-05	2025-06-28 10:12:19.231343-05	f	8
123	adf66a022263e87234bb7d5f1ca581250269e628c8d7c00e4aa00ce4c0f8bcdc	2025-06-11 11:31:04.598804-05	2025-07-11 11:31:04.598318-05	f	14
124	c4936bef16e4ec47a3ee3dc994c6c6050217e6d897f5078522d2e51f3c1d3eb3	2025-06-12 09:14:18.587384-05	2025-07-12 09:14:18.587059-05	f	8
125	face8761763852d513e1d98f22b9a22c537fd3e5adde149016401630170f7058	2025-06-12 09:17:46.512875-05	2025-07-12 09:17:46.512547-05	f	14
126	c8ec28a9b730ebcefd753e5a49d04433a4c1d4364c4d1daa720314018c3d719d	2025-06-12 09:18:18.866684-05	2025-07-12 09:18:18.866401-05	f	8
127	330aee03e09a2bb916c03c25fdf8700e6721a7b3b252afcdf1955daa639c532e	2025-06-12 09:18:44.952804-05	2025-07-12 09:18:44.952435-05	f	14
129	4148c1081865d0d5952338179053d564b61f1a846dcc2270176b5a4dcd063083	2025-06-12 09:21:46.285535-05	2025-07-12 09:21:46.285181-05	t	12
128	6cedce05ad02ef29a25ac41fbf69d0d44760b5d44f25c23d29b11d0ed25f8f87	2025-06-12 09:20:52.137164-05	2025-07-12 09:20:52.136885-05	f	8
130	3e36a1caf8e2a2fcac6ce4a3c6260df09289ee7b333ce9ed2da835e97b4b1255	2025-06-12 09:28:48.484153-05	2025-07-12 09:28:48.483747-05	f	8
132	18fc32221f6d3a7f39755dad297663bb395c7a4ffc31c8a4bc69be2ddcef18b6	2025-06-19 18:30:42.632495-05	2025-07-19 18:30:42.632241-05	f	8
133	4c30c0380c8eaf51cc966136cc3ea357a2f676974ca360ae95b00dd740a1fb0f	2025-07-02 11:39:25.089971-05	2025-08-01 11:39:25.089682-05	f	8
134	ba84c3e27ca574b4281fcbc00e7f91612f3f4fdf2e0b15ee2fa806882aa7a9eb	2025-07-02 11:48:26.05401-05	2025-08-01 11:48:26.053772-05	f	8
135	5a011fed5489d4a7471f70e6923b6fb9	2025-07-03 17:19:18.325314-05	2025-07-04 17:19:18.32508-05	t	23
136	0482004481a9bc27d2fd62622a935ae9d56a1d91cdc20a932d5ad24f6e2286dd	2025-07-03 19:36:12.403247-05	2025-08-02 19:36:12.403023-05	f	8
138	ce4f3807427145cf209c09bdce247c16339dd6595f11c067f6bbdf35a655e758	2025-07-08 12:26:05.992153-05	2025-08-07 12:26:05.991902-05	t	8
\.


--
-- Data for Name: subcategoria; Type: TABLE DATA; Schema: public; Owner: postgres
--

COPY public.subcategoria (id, nombre, descripcion) FROM stdin;
1	Matemáticas	Subcategoría para la rama de matenáticas.
\.


--
-- Data for Name: tematica; Type: TABLE DATA; Schema: public; Owner: postgres
--

COPY public.tematica (id, nombre, descripcion) FROM stdin;
1	Regresiones	Temática para regresiones.
\.


--
-- Data for Name: usuarios; Type: TABLE DATA; Schema: public; Owner: postgres
--

COPY public.usuarios (id, correo, contrasena_hash, nombres, apellidos, estado, creado_en, actualizado_en, rol_id, biografia, username, origen) FROM stdin;
9	alex123@gmail.com	pbkdf2_sha256$1000000$C4xIsZUMP21zLX6tsqzIsG$KQifO6+uzOKCN3JgEqVMDv2oNz71EpaiRXAcrbHo4Yw=	Bryan	Juca	activo	2025-05-15 09:33:31.312-05	2025-05-15 09:35:56.368-05	2	\N	alex123	local
13	bajs123@gmail.com	pbkdf2_sha256$1000000$0JWTg1KqWb1JSqngrgVNMX$mAiVCCOwOVysqLs0viOKkRSbN38+tqBF7w210uot7bc=	\N	\N	activo	2025-05-19 12:42:16.749984-05	2025-05-19 12:42:16.749999-05	2	\N	bajs123	local
14	sebastapia@gmail.com	pbkdf2_sha256$1000000$auENfrk9TartHLDhGpbaWa$LCVcMCAh8CpmtcJHXEd7cnPgxm5u6vYk09wolRLOGqY=	sebastapia	\N	activo	2025-05-20 12:24:56.953129-05	2025-05-20 12:24:56.953141-05	2	\N	sebastapia	local
8	jchimbo456@gmail.com	pbkdf2_sha256$1000000$61mXU8Hd8S0J3U1VXWBw3y$i5G1HYwYykTf5osfX+9LrawU6ITqqQQSewnw5zCVfSs=	John David	Chimbo	activo	2025-05-13 18:08:27.172-05	2025-05-19 17:50:28.689-05	1	Desarrollador Full Stack	jchimbo	local
15	ejemplo@gmail.com	pbkdf2_sha256$1000000$Xa6YzQBdm7uaacJqr84B5r$mvF18kc+GYFXbrz1I15wsotl0EDnMGTuuHaqcIYTcsc=	ejemplo	\N	activo	2025-05-28 19:49:45.247427-05	2025-05-28 19:49:45.247449-05	2	\N	ejemplo	local
12	bryan123@gmail.com	pbkdf2_sha256$1000000$NL82Q0lZNrGmkvfEiqHdpf$P4nP9u6nqpI5NbybBhz8C8QFHcgBh/VIVTDB0eeTzts=	bryan	juca	activo	2025-05-17 14:55:54.379345-05	2025-06-10 21:18:52.72745-05	2		bryan123	local
20	mcblindness@gmail.com	pbkdf2_sha256$1000000$QU9Ub8VREiH4yhBmpi9jcn$+XMncHBKV7dZ0hixNL1nq2RfEYzHkXPfNuwZ+m4fO4M=	John	Chimbo	\N	2025-05-28 20:11:40.188-05	2025-05-28 20:11:40.188-05	2	\N	mcblindness	google
23	lerazo@uazuay.edu.ec	pbkdf2_sha256$1000000$6N7W1TU0VFSPqlgccnNl4L$9R4uPMt6R+VWC3uF2dym92FIEi3a6z7ERAQBX2X/lgY=	Lenin Xavier Erazo Garzón	\N	activo	2025-07-03 17:19:18.297192-05	2025-07-03 17:19:18.297204-05	3	\N	lerazo	google
\.


--
-- Data for Name: versiones_api; Type: TABLE DATA; Schema: public; Owner: postgres
--

COPY public.versiones_api (id, numero_version, descripcion_cambios, creado_en, api_id) FROM stdin;
\.


--
-- Name: apis_api_id_seq; Type: SEQUENCE SET; Schema: public; Owner: postgres
--

SELECT pg_catalog.setval('public.apis_api_id_seq', 38, true);


--
-- Name: auditoria_id_seq; Type: SEQUENCE SET; Schema: public; Owner: postgres
--

SELECT pg_catalog.setval('public.auditoria_id_seq', 1, false);


--
-- Name: auth_group_id_seq; Type: SEQUENCE SET; Schema: public; Owner: postgres
--

SELECT pg_catalog.setval('public.auth_group_id_seq', 1, false);


--
-- Name: auth_group_permissions_id_seq; Type: SEQUENCE SET; Schema: public; Owner: postgres
--

SELECT pg_catalog.setval('public.auth_group_permissions_id_seq', 1, false);


--
-- Name: auth_permission_id_seq; Type: SEQUENCE SET; Schema: public; Owner: postgres
--

SELECT pg_catalog.setval('public.auth_permission_id_seq', 68, true);


--
-- Name: auth_user_groups_id_seq; Type: SEQUENCE SET; Schema: public; Owner: postgres
--

SELECT pg_catalog.setval('public.auth_user_groups_id_seq', 1, false);


--
-- Name: auth_user_id_seq; Type: SEQUENCE SET; Schema: public; Owner: postgres
--

SELECT pg_catalog.setval('public.auth_user_id_seq', 1, false);


--
-- Name: auth_user_user_permissions_id_seq; Type: SEQUENCE SET; Schema: public; Owner: postgres
--

SELECT pg_catalog.setval('public.auth_user_user_permissions_id_seq', 1, false);


--
-- Name: categoria_id_seq; Type: SEQUENCE SET; Schema: public; Owner: postgres
--

SELECT pg_catalog.setval('public.categoria_id_seq', 2, true);


--
-- Name: django_admin_log_id_seq; Type: SEQUENCE SET; Schema: public; Owner: postgres
--

SELECT pg_catalog.setval('public.django_admin_log_id_seq', 1, false);


--
-- Name: django_content_type_id_seq; Type: SEQUENCE SET; Schema: public; Owner: postgres
--

SELECT pg_catalog.setval('public.django_content_type_id_seq', 17, true);


--
-- Name: django_migrations_id_seq; Type: SEQUENCE SET; Schema: public; Owner: postgres
--

SELECT pg_catalog.setval('public.django_migrations_id_seq', 29, true);


--
-- Name: metodos_api_id_seq; Type: SEQUENCE SET; Schema: public; Owner: postgres
--

SELECT pg_catalog.setval('public.metodos_api_id_seq', 92, true);


--
-- Name: permisos_api_id_seq; Type: SEQUENCE SET; Schema: public; Owner: postgres
--

SELECT pg_catalog.setval('public.permisos_api_id_seq', 7, true);


--
-- Name: roles_id_seq; Type: SEQUENCE SET; Schema: public; Owner: postgres
--

SELECT pg_catalog.setval('public.roles_id_seq', 1, false);


--
-- Name: sesiones_id_seq; Type: SEQUENCE SET; Schema: public; Owner: postgres
--

SELECT pg_catalog.setval('public.sesiones_id_seq', 138, true);


--
-- Name: subcategoria_id_seq; Type: SEQUENCE SET; Schema: public; Owner: postgres
--

SELECT pg_catalog.setval('public.subcategoria_id_seq', 1, true);


--
-- Name: tematica_id_seq; Type: SEQUENCE SET; Schema: public; Owner: postgres
--

SELECT pg_catalog.setval('public.tematica_id_seq', 1, true);


--
-- Name: usuarios_id_seq; Type: SEQUENCE SET; Schema: public; Owner: postgres
--

SELECT pg_catalog.setval('public.usuarios_id_seq', 23, true);


--
-- Name: versiones_api_id_seq; Type: SEQUENCE SET; Schema: public; Owner: postgres
--

SELECT pg_catalog.setval('public.versiones_api_id_seq', 1, false);


--
-- Name: apis apis_api_pkey; Type: CONSTRAINT; Schema: public; Owner: postgres
--

ALTER TABLE ONLY public.apis
    ADD CONSTRAINT apis_api_pkey PRIMARY KEY (id);


--
-- Name: auditoria auditoria_pkey; Type: CONSTRAINT; Schema: public; Owner: postgres
--

ALTER TABLE ONLY public.auditoria
    ADD CONSTRAINT auditoria_pkey PRIMARY KEY (id);


--
-- Name: auth_group auth_group_name_key; Type: CONSTRAINT; Schema: public; Owner: postgres
--

ALTER TABLE ONLY public.auth_group
    ADD CONSTRAINT auth_group_name_key UNIQUE (name);


--
-- Name: auth_group_permissions auth_group_permissions_group_id_permission_id_0cd325b0_uniq; Type: CONSTRAINT; Schema: public; Owner: postgres
--

ALTER TABLE ONLY public.auth_group_permissions
    ADD CONSTRAINT auth_group_permissions_group_id_permission_id_0cd325b0_uniq UNIQUE (group_id, permission_id);


--
-- Name: auth_group_permissions auth_group_permissions_pkey; Type: CONSTRAINT; Schema: public; Owner: postgres
--

ALTER TABLE ONLY public.auth_group_permissions
    ADD CONSTRAINT auth_group_permissions_pkey PRIMARY KEY (id);


--
-- Name: auth_group auth_group_pkey; Type: CONSTRAINT; Schema: public; Owner: postgres
--

ALTER TABLE ONLY public.auth_group
    ADD CONSTRAINT auth_group_pkey PRIMARY KEY (id);


--
-- Name: auth_permission auth_permission_content_type_id_codename_01ab375a_uniq; Type: CONSTRAINT; Schema: public; Owner: postgres
--

ALTER TABLE ONLY public.auth_permission
    ADD CONSTRAINT auth_permission_content_type_id_codename_01ab375a_uniq UNIQUE (content_type_id, codename);


--
-- Name: auth_permission auth_permission_pkey; Type: CONSTRAINT; Schema: public; Owner: postgres
--

ALTER TABLE ONLY public.auth_permission
    ADD CONSTRAINT auth_permission_pkey PRIMARY KEY (id);


--
-- Name: auth_user_groups auth_user_groups_pkey; Type: CONSTRAINT; Schema: public; Owner: postgres
--

ALTER TABLE ONLY public.auth_user_groups
    ADD CONSTRAINT auth_user_groups_pkey PRIMARY KEY (id);


--
-- Name: auth_user_groups auth_user_groups_user_id_group_id_94350c0c_uniq; Type: CONSTRAINT; Schema: public; Owner: postgres
--

ALTER TABLE ONLY public.auth_user_groups
    ADD CONSTRAINT auth_user_groups_user_id_group_id_94350c0c_uniq UNIQUE (user_id, group_id);


--
-- Name: auth_user auth_user_pkey; Type: CONSTRAINT; Schema: public; Owner: postgres
--

ALTER TABLE ONLY public.auth_user
    ADD CONSTRAINT auth_user_pkey PRIMARY KEY (id);


--
-- Name: auth_user_user_permissions auth_user_user_permissions_pkey; Type: CONSTRAINT; Schema: public; Owner: postgres
--

ALTER TABLE ONLY public.auth_user_user_permissions
    ADD CONSTRAINT auth_user_user_permissions_pkey PRIMARY KEY (id);


--
-- Name: auth_user_user_permissions auth_user_user_permissions_user_id_permission_id_14a6b632_uniq; Type: CONSTRAINT; Schema: public; Owner: postgres
--

ALTER TABLE ONLY public.auth_user_user_permissions
    ADD CONSTRAINT auth_user_user_permissions_user_id_permission_id_14a6b632_uniq UNIQUE (user_id, permission_id);


--
-- Name: auth_user auth_user_username_key; Type: CONSTRAINT; Schema: public; Owner: postgres
--

ALTER TABLE ONLY public.auth_user
    ADD CONSTRAINT auth_user_username_key UNIQUE (username);


--
-- Name: categoria categoria_pkey; Type: CONSTRAINT; Schema: public; Owner: postgres
--

ALTER TABLE ONLY public.categoria
    ADD CONSTRAINT categoria_pkey PRIMARY KEY (id);


--
-- Name: django_admin_log django_admin_log_pkey; Type: CONSTRAINT; Schema: public; Owner: postgres
--

ALTER TABLE ONLY public.django_admin_log
    ADD CONSTRAINT django_admin_log_pkey PRIMARY KEY (id);


--
-- Name: django_content_type django_content_type_app_label_model_76bd3d3b_uniq; Type: CONSTRAINT; Schema: public; Owner: postgres
--

ALTER TABLE ONLY public.django_content_type
    ADD CONSTRAINT django_content_type_app_label_model_76bd3d3b_uniq UNIQUE (app_label, model);


--
-- Name: django_content_type django_content_type_pkey; Type: CONSTRAINT; Schema: public; Owner: postgres
--

ALTER TABLE ONLY public.django_content_type
    ADD CONSTRAINT django_content_type_pkey PRIMARY KEY (id);


--
-- Name: django_migrations django_migrations_pkey; Type: CONSTRAINT; Schema: public; Owner: postgres
--

ALTER TABLE ONLY public.django_migrations
    ADD CONSTRAINT django_migrations_pkey PRIMARY KEY (id);


--
-- Name: django_session django_session_pkey; Type: CONSTRAINT; Schema: public; Owner: postgres
--

ALTER TABLE ONLY public.django_session
    ADD CONSTRAINT django_session_pkey PRIMARY KEY (session_key);


--
-- Name: metodos_api metodos_api_pkey; Type: CONSTRAINT; Schema: public; Owner: postgres
--

ALTER TABLE ONLY public.metodos_api
    ADD CONSTRAINT metodos_api_pkey PRIMARY KEY (id);


--
-- Name: permiso_api permisos_api_api_id_colaborador_id_1494712b_uniq; Type: CONSTRAINT; Schema: public; Owner: postgres
--

ALTER TABLE ONLY public.permiso_api
    ADD CONSTRAINT permisos_api_api_id_colaborador_id_1494712b_uniq UNIQUE (api_id, colaborador_id);


--
-- Name: permiso_api permisos_api_pkey; Type: CONSTRAINT; Schema: public; Owner: postgres
--

ALTER TABLE ONLY public.permiso_api
    ADD CONSTRAINT permisos_api_pkey PRIMARY KEY (id);


--
-- Name: roles roles_pkey; Type: CONSTRAINT; Schema: public; Owner: postgres
--

ALTER TABLE ONLY public.roles
    ADD CONSTRAINT roles_pkey PRIMARY KEY (id);


--
-- Name: sesiones sesiones_pkey; Type: CONSTRAINT; Schema: public; Owner: postgres
--

ALTER TABLE ONLY public.sesiones
    ADD CONSTRAINT sesiones_pkey PRIMARY KEY (id);


--
-- Name: subcategoria subcategoria_pkey; Type: CONSTRAINT; Schema: public; Owner: postgres
--

ALTER TABLE ONLY public.subcategoria
    ADD CONSTRAINT subcategoria_pkey PRIMARY KEY (id);


--
-- Name: tematica tematica_pkey; Type: CONSTRAINT; Schema: public; Owner: postgres
--

ALTER TABLE ONLY public.tematica
    ADD CONSTRAINT tematica_pkey PRIMARY KEY (id);


--
-- Name: apis unique_api_por_usuario; Type: CONSTRAINT; Schema: public; Owner: postgres
--

ALTER TABLE ONLY public.apis
    ADD CONSTRAINT unique_api_por_usuario UNIQUE (nombre, creado_por);


--
-- Name: usuarios usuarios_correo_key; Type: CONSTRAINT; Schema: public; Owner: postgres
--

ALTER TABLE ONLY public.usuarios
    ADD CONSTRAINT usuarios_correo_key UNIQUE (correo);


--
-- Name: usuarios usuarios_pkey; Type: CONSTRAINT; Schema: public; Owner: postgres
--

ALTER TABLE ONLY public.usuarios
    ADD CONSTRAINT usuarios_pkey PRIMARY KEY (id);


--
-- Name: usuarios usuarios_username_50482a29_uniq; Type: CONSTRAINT; Schema: public; Owner: postgres
--

ALTER TABLE ONLY public.usuarios
    ADD CONSTRAINT usuarios_username_50482a29_uniq UNIQUE (username);


--
-- Name: versiones_api versiones_api_api_id_numero_version_5d7b4074_uniq; Type: CONSTRAINT; Schema: public; Owner: postgres
--

ALTER TABLE ONLY public.versiones_api
    ADD CONSTRAINT versiones_api_api_id_numero_version_5d7b4074_uniq UNIQUE (api_id, numero_version);


--
-- Name: versiones_api versiones_api_pkey; Type: CONSTRAINT; Schema: public; Owner: postgres
--

ALTER TABLE ONLY public.versiones_api
    ADD CONSTRAINT versiones_api_pkey PRIMARY KEY (id);


--
-- Name: apis_creado_por_4667e2c3; Type: INDEX; Schema: public; Owner: postgres
--

CREATE INDEX apis_creado_por_4667e2c3 ON public.apis USING btree (creado_por);


--
-- Name: apis_id_categoria_395c2f3e; Type: INDEX; Schema: public; Owner: postgres
--

CREATE INDEX apis_id_categoria_395c2f3e ON public.apis USING btree (id_categoria);


--
-- Name: apis_id_subcategoria_ca6c63c9; Type: INDEX; Schema: public; Owner: postgres
--

CREATE INDEX apis_id_subcategoria_ca6c63c9 ON public.apis USING btree (id_subcategoria);


--
-- Name: apis_id_tematica_b2e519f6; Type: INDEX; Schema: public; Owner: postgres
--

CREATE INDEX apis_id_tematica_b2e519f6 ON public.apis USING btree (id_tematica);


--
-- Name: auditoria_usuario_id_5e766294; Type: INDEX; Schema: public; Owner: postgres
--

CREATE INDEX auditoria_usuario_id_5e766294 ON public.auditoria USING btree (usuario_id);


--
-- Name: auth_group_name_a6ea08ec_like; Type: INDEX; Schema: public; Owner: postgres
--

CREATE INDEX auth_group_name_a6ea08ec_like ON public.auth_group USING btree (name varchar_pattern_ops);


--
-- Name: auth_group_permissions_group_id_b120cbf9; Type: INDEX; Schema: public; Owner: postgres
--

CREATE INDEX auth_group_permissions_group_id_b120cbf9 ON public.auth_group_permissions USING btree (group_id);


--
-- Name: auth_group_permissions_permission_id_84c5c92e; Type: INDEX; Schema: public; Owner: postgres
--

CREATE INDEX auth_group_permissions_permission_id_84c5c92e ON public.auth_group_permissions USING btree (permission_id);


--
-- Name: auth_permission_content_type_id_2f476e4b; Type: INDEX; Schema: public; Owner: postgres
--

CREATE INDEX auth_permission_content_type_id_2f476e4b ON public.auth_permission USING btree (content_type_id);


--
-- Name: auth_user_groups_group_id_97559544; Type: INDEX; Schema: public; Owner: postgres
--

CREATE INDEX auth_user_groups_group_id_97559544 ON public.auth_user_groups USING btree (group_id);


--
-- Name: auth_user_groups_user_id_6a12ed8b; Type: INDEX; Schema: public; Owner: postgres
--

CREATE INDEX auth_user_groups_user_id_6a12ed8b ON public.auth_user_groups USING btree (user_id);


--
-- Name: auth_user_user_permissions_permission_id_1fbb5f2c; Type: INDEX; Schema: public; Owner: postgres
--

CREATE INDEX auth_user_user_permissions_permission_id_1fbb5f2c ON public.auth_user_user_permissions USING btree (permission_id);


--
-- Name: auth_user_user_permissions_user_id_a95ead1b; Type: INDEX; Schema: public; Owner: postgres
--

CREATE INDEX auth_user_user_permissions_user_id_a95ead1b ON public.auth_user_user_permissions USING btree (user_id);


--
-- Name: auth_user_username_6821ab7c_like; Type: INDEX; Schema: public; Owner: postgres
--

CREATE INDEX auth_user_username_6821ab7c_like ON public.auth_user USING btree (username varchar_pattern_ops);


--
-- Name: django_admin_log_content_type_id_c4bce8eb; Type: INDEX; Schema: public; Owner: postgres
--

CREATE INDEX django_admin_log_content_type_id_c4bce8eb ON public.django_admin_log USING btree (content_type_id);


--
-- Name: django_admin_log_user_id_c564eba6; Type: INDEX; Schema: public; Owner: postgres
--

CREATE INDEX django_admin_log_user_id_c564eba6 ON public.django_admin_log USING btree (user_id);


--
-- Name: django_session_expire_date_a5c62663; Type: INDEX; Schema: public; Owner: postgres
--

CREATE INDEX django_session_expire_date_a5c62663 ON public.django_session USING btree (expire_date);


--
-- Name: django_session_session_key_c0390e0f_like; Type: INDEX; Schema: public; Owner: postgres
--

CREATE INDEX django_session_session_key_c0390e0f_like ON public.django_session USING btree (session_key varchar_pattern_ops);


--
-- Name: idx_api_nombre; Type: INDEX; Schema: public; Owner: postgres
--

CREATE INDEX idx_api_nombre ON public.apis USING btree (nombre);


--
-- Name: idx_auditoria_accion; Type: INDEX; Schema: public; Owner: postgres
--

CREATE INDEX idx_auditoria_accion ON public.auditoria USING btree (accion);


--
-- Name: idx_auditoria_fecha; Type: INDEX; Schema: public; Owner: postgres
--

CREATE INDEX idx_auditoria_fecha ON public.auditoria USING btree ("timestamp");


--
-- Name: idx_sesion_token; Type: INDEX; Schema: public; Owner: postgres
--

CREATE INDEX idx_sesion_token ON public.sesiones USING btree (token_sesion);


--
-- Name: idx_usuario_correo; Type: INDEX; Schema: public; Owner: postgres
--

CREATE INDEX idx_usuario_correo ON public.usuarios USING btree (correo);


--
-- Name: idx_versiones_version; Type: INDEX; Schema: public; Owner: postgres
--

CREATE INDEX idx_versiones_version ON public.versiones_api USING btree (numero_version);


--
-- Name: metodos_api_api_id_697bd933; Type: INDEX; Schema: public; Owner: postgres
--

CREATE INDEX metodos_api_api_id_697bd933 ON public.metodos_api USING btree (api_id);


--
-- Name: permiso_api_colaborador_id_373e1469; Type: INDEX; Schema: public; Owner: postgres
--

CREATE INDEX permiso_api_colaborador_id_373e1469 ON public.permiso_api USING btree (colaborador_id);


--
-- Name: permisos_api_api_id_3bbc20f9; Type: INDEX; Schema: public; Owner: postgres
--

CREATE INDEX permisos_api_api_id_3bbc20f9 ON public.permiso_api USING btree (api_id);


--
-- Name: sesiones_usuario_id_caef39af; Type: INDEX; Schema: public; Owner: postgres
--

CREATE INDEX sesiones_usuario_id_caef39af ON public.sesiones USING btree (usuario_id);


--
-- Name: usuarios_correo_02971567_like; Type: INDEX; Schema: public; Owner: postgres
--

CREATE INDEX usuarios_correo_02971567_like ON public.usuarios USING btree (correo varchar_pattern_ops);


--
-- Name: usuarios_rol_id_fa223853; Type: INDEX; Schema: public; Owner: postgres
--

CREATE INDEX usuarios_rol_id_fa223853 ON public.usuarios USING btree (rol_id);


--
-- Name: usuarios_username_50482a29_like; Type: INDEX; Schema: public; Owner: postgres
--

CREATE INDEX usuarios_username_50482a29_like ON public.usuarios USING btree (username varchar_pattern_ops);


--
-- Name: versiones_api_api_id_82178022; Type: INDEX; Schema: public; Owner: postgres
--

CREATE INDEX versiones_api_api_id_82178022 ON public.versiones_api USING btree (api_id);


--
-- Name: apis apis_creado_por_4667e2c3_fk_usuarios_id; Type: FK CONSTRAINT; Schema: public; Owner: postgres
--

ALTER TABLE ONLY public.apis
    ADD CONSTRAINT apis_creado_por_4667e2c3_fk_usuarios_id FOREIGN KEY (creado_por) REFERENCES public.usuarios(id) DEFERRABLE INITIALLY DEFERRED;


--
-- Name: apis apis_id_categoria_395c2f3e_fk_categoria_id; Type: FK CONSTRAINT; Schema: public; Owner: postgres
--

ALTER TABLE ONLY public.apis
    ADD CONSTRAINT apis_id_categoria_395c2f3e_fk_categoria_id FOREIGN KEY (id_categoria) REFERENCES public.categoria(id) DEFERRABLE INITIALLY DEFERRED;


--
-- Name: apis apis_id_subcategoria_ca6c63c9_fk_subcategoria_id; Type: FK CONSTRAINT; Schema: public; Owner: postgres
--

ALTER TABLE ONLY public.apis
    ADD CONSTRAINT apis_id_subcategoria_ca6c63c9_fk_subcategoria_id FOREIGN KEY (id_subcategoria) REFERENCES public.subcategoria(id) DEFERRABLE INITIALLY DEFERRED;


--
-- Name: apis apis_id_tematica_b2e519f6_fk_tematica_id; Type: FK CONSTRAINT; Schema: public; Owner: postgres
--

ALTER TABLE ONLY public.apis
    ADD CONSTRAINT apis_id_tematica_b2e519f6_fk_tematica_id FOREIGN KEY (id_tematica) REFERENCES public.tematica(id) DEFERRABLE INITIALLY DEFERRED;


--
-- Name: auditoria auditoria_usuario_id_5e766294_fk_usuarios_id; Type: FK CONSTRAINT; Schema: public; Owner: postgres
--

ALTER TABLE ONLY public.auditoria
    ADD CONSTRAINT auditoria_usuario_id_5e766294_fk_usuarios_id FOREIGN KEY (usuario_id) REFERENCES public.usuarios(id) DEFERRABLE INITIALLY DEFERRED;


--
-- Name: auth_group_permissions auth_group_permissio_permission_id_84c5c92e_fk_auth_perm; Type: FK CONSTRAINT; Schema: public; Owner: postgres
--

ALTER TABLE ONLY public.auth_group_permissions
    ADD CONSTRAINT auth_group_permissio_permission_id_84c5c92e_fk_auth_perm FOREIGN KEY (permission_id) REFERENCES public.auth_permission(id) DEFERRABLE INITIALLY DEFERRED;


--
-- Name: auth_group_permissions auth_group_permissions_group_id_b120cbf9_fk_auth_group_id; Type: FK CONSTRAINT; Schema: public; Owner: postgres
--

ALTER TABLE ONLY public.auth_group_permissions
    ADD CONSTRAINT auth_group_permissions_group_id_b120cbf9_fk_auth_group_id FOREIGN KEY (group_id) REFERENCES public.auth_group(id) DEFERRABLE INITIALLY DEFERRED;


--
-- Name: auth_permission auth_permission_content_type_id_2f476e4b_fk_django_co; Type: FK CONSTRAINT; Schema: public; Owner: postgres
--

ALTER TABLE ONLY public.auth_permission
    ADD CONSTRAINT auth_permission_content_type_id_2f476e4b_fk_django_co FOREIGN KEY (content_type_id) REFERENCES public.django_content_type(id) DEFERRABLE INITIALLY DEFERRED;


--
-- Name: auth_user_groups auth_user_groups_group_id_97559544_fk_auth_group_id; Type: FK CONSTRAINT; Schema: public; Owner: postgres
--

ALTER TABLE ONLY public.auth_user_groups
    ADD CONSTRAINT auth_user_groups_group_id_97559544_fk_auth_group_id FOREIGN KEY (group_id) REFERENCES public.auth_group(id) DEFERRABLE INITIALLY DEFERRED;


--
-- Name: auth_user_groups auth_user_groups_user_id_6a12ed8b_fk_auth_user_id; Type: FK CONSTRAINT; Schema: public; Owner: postgres
--

ALTER TABLE ONLY public.auth_user_groups
    ADD CONSTRAINT auth_user_groups_user_id_6a12ed8b_fk_auth_user_id FOREIGN KEY (user_id) REFERENCES public.auth_user(id) DEFERRABLE INITIALLY DEFERRED;


--
-- Name: auth_user_user_permissions auth_user_user_permi_permission_id_1fbb5f2c_fk_auth_perm; Type: FK CONSTRAINT; Schema: public; Owner: postgres
--

ALTER TABLE ONLY public.auth_user_user_permissions
    ADD CONSTRAINT auth_user_user_permi_permission_id_1fbb5f2c_fk_auth_perm FOREIGN KEY (permission_id) REFERENCES public.auth_permission(id) DEFERRABLE INITIALLY DEFERRED;


--
-- Name: auth_user_user_permissions auth_user_user_permissions_user_id_a95ead1b_fk_auth_user_id; Type: FK CONSTRAINT; Schema: public; Owner: postgres
--

ALTER TABLE ONLY public.auth_user_user_permissions
    ADD CONSTRAINT auth_user_user_permissions_user_id_a95ead1b_fk_auth_user_id FOREIGN KEY (user_id) REFERENCES public.auth_user(id) DEFERRABLE INITIALLY DEFERRED;


--
-- Name: django_admin_log django_admin_log_content_type_id_c4bce8eb_fk_django_co; Type: FK CONSTRAINT; Schema: public; Owner: postgres
--

ALTER TABLE ONLY public.django_admin_log
    ADD CONSTRAINT django_admin_log_content_type_id_c4bce8eb_fk_django_co FOREIGN KEY (content_type_id) REFERENCES public.django_content_type(id) DEFERRABLE INITIALLY DEFERRED;


--
-- Name: django_admin_log django_admin_log_user_id_c564eba6_fk_auth_user_id; Type: FK CONSTRAINT; Schema: public; Owner: postgres
--

ALTER TABLE ONLY public.django_admin_log
    ADD CONSTRAINT django_admin_log_user_id_c564eba6_fk_auth_user_id FOREIGN KEY (user_id) REFERENCES public.auth_user(id) DEFERRABLE INITIALLY DEFERRED;


--
-- Name: metodos_api metodos_api_api_id_697bd933_fk_apis_id; Type: FK CONSTRAINT; Schema: public; Owner: postgres
--

ALTER TABLE ONLY public.metodos_api
    ADD CONSTRAINT metodos_api_api_id_697bd933_fk_apis_id FOREIGN KEY (api_id) REFERENCES public.apis(id) DEFERRABLE INITIALLY DEFERRED;


--
-- Name: permiso_api permiso_api_colaborador_id_373e1469_fk_usuarios_id; Type: FK CONSTRAINT; Schema: public; Owner: postgres
--

ALTER TABLE ONLY public.permiso_api
    ADD CONSTRAINT permiso_api_colaborador_id_373e1469_fk_usuarios_id FOREIGN KEY (colaborador_id) REFERENCES public.usuarios(id) DEFERRABLE INITIALLY DEFERRED;


--
-- Name: permiso_api permisos_api_api_id_3bbc20f9_fk_apis_id; Type: FK CONSTRAINT; Schema: public; Owner: postgres
--

ALTER TABLE ONLY public.permiso_api
    ADD CONSTRAINT permisos_api_api_id_3bbc20f9_fk_apis_id FOREIGN KEY (api_id) REFERENCES public.apis(id) DEFERRABLE INITIALLY DEFERRED;


--
-- Name: sesiones sesiones_usuario_id_caef39af_fk_usuarios_id; Type: FK CONSTRAINT; Schema: public; Owner: postgres
--

ALTER TABLE ONLY public.sesiones
    ADD CONSTRAINT sesiones_usuario_id_caef39af_fk_usuarios_id FOREIGN KEY (usuario_id) REFERENCES public.usuarios(id) DEFERRABLE INITIALLY DEFERRED;


--
-- Name: usuarios usuarios_rol_id_fa223853_fk_roles_id; Type: FK CONSTRAINT; Schema: public; Owner: postgres
--

ALTER TABLE ONLY public.usuarios
    ADD CONSTRAINT usuarios_rol_id_fa223853_fk_roles_id FOREIGN KEY (rol_id) REFERENCES public.roles(id) DEFERRABLE INITIALLY DEFERRED;


--
-- Name: versiones_api versiones_api_api_id_82178022_fk_apis_id; Type: FK CONSTRAINT; Schema: public; Owner: postgres
--

ALTER TABLE ONLY public.versiones_api
    ADD CONSTRAINT versiones_api_api_id_82178022_fk_apis_id FOREIGN KEY (api_id) REFERENCES public.apis(id) DEFERRABLE INITIALLY DEFERRED;


--
-- PostgreSQL database dump complete
--

